--------------------------------------------------------
--  파일이 생성됨 - 수요일-11월-02-2022   
--------------------------------------------------------
--------------------------------------------------------
--  DDL for Sequence CAL_SEQ
--------------------------------------------------------

   CREATE SEQUENCE  "BTEAM"."CAL_SEQ"  MINVALUE 1 MAXVALUE 99999 INCREMENT BY 1 START WITH 321 CACHE 20 NOORDER  NOCYCLE  NOKEEP  NOSCALE  GLOBAL ;
--------------------------------------------------------
--  DDL for Sequence SEQ_BOARD
--------------------------------------------------------

   CREATE SEQUENCE  "BTEAM"."SEQ_BOARD"  MINVALUE 1 MAXVALUE 9999999999999999999999999999 INCREMENT BY 1 START WITH 155 NOCACHE  NOORDER  NOCYCLE  NOKEEP  NOSCALE  GLOBAL ;
--------------------------------------------------------
--  DDL for Sequence SEQ_BOARD_COMMENT
--------------------------------------------------------

   CREATE SEQUENCE  "BTEAM"."SEQ_BOARD_COMMENT"  MINVALUE 1 MAXVALUE 9999999999999999999999999999 INCREMENT BY 1 START WITH 140 NOCACHE  NOORDER  NOCYCLE  NOKEEP  NOSCALE  GLOBAL ;
--------------------------------------------------------
--  DDL for Sequence SEQ_BOARD_FILE
--------------------------------------------------------

   CREATE SEQUENCE  "BTEAM"."SEQ_BOARD_FILE"  MINVALUE 1 MAXVALUE 9999999999999999999999999999 INCREMENT BY 1 START WITH 107 NOCACHE  NOORDER  NOCYCLE  NOKEEP  NOSCALE  GLOBAL ;
--------------------------------------------------------
--  DDL for Sequence SEQ_CATEGORY_QNA
--------------------------------------------------------

   CREATE SEQUENCE  "BTEAM"."SEQ_CATEGORY_QNA"  MINVALUE 1 MAXVALUE 9999999999999999999999999999 INCREMENT BY 1 START WITH 4 NOCACHE  NOORDER  NOCYCLE  NOKEEP  NOSCALE  GLOBAL ;
--------------------------------------------------------
--  DDL for Sequence SEQ_QNA
--------------------------------------------------------

   CREATE SEQUENCE  "BTEAM"."SEQ_QNA"  MINVALUE 1 MAXVALUE 9999999999999999999999999999 INCREMENT BY 1 START WITH 81 CACHE 20 NOORDER  NOCYCLE  NOKEEP  NOSCALE  GLOBAL ;
--------------------------------------------------------
--  DDL for Sequence SEQ_QNA_ANSWER
--------------------------------------------------------

   CREATE SEQUENCE  "BTEAM"."SEQ_QNA_ANSWER"  MINVALUE 1 MAXVALUE 9999999999999999999999999999 INCREMENT BY 1 START WITH 81 CACHE 20 NOORDER  NOCYCLE  NOKEEP  NOSCALE  GLOBAL ;
--------------------------------------------------------
--  DDL for Sequence SEQ_SCHOOLPOST
--------------------------------------------------------

   CREATE SEQUENCE  "BTEAM"."SEQ_SCHOOLPOST"  MINVALUE 1 MAXVALUE 9999999999999999999999999999 INCREMENT BY 1 START WITH 169 NOCACHE  NOORDER  NOCYCLE  NOKEEP  NOSCALE  GLOBAL ;
--------------------------------------------------------
--  DDL for Sequence SEQ_SCHOOLPOST_FILE
--------------------------------------------------------

   CREATE SEQUENCE  "BTEAM"."SEQ_SCHOOLPOST_FILE"  MINVALUE 1 MAXVALUE 9999999999999999999999999999 INCREMENT BY 1 START WITH 69 NOCACHE  NOORDER  NOCYCLE  NOKEEP  NOSCALE  GLOBAL ;
--------------------------------------------------------
--  DDL for Sequence SEQ_SCRAP
--------------------------------------------------------

   CREATE SEQUENCE  "BTEAM"."SEQ_SCRAP"  MINVALUE 1 MAXVALUE 9999999999999999999999999999 INCREMENT BY 1 START WITH 27 NOCACHE  NOORDER  NOCYCLE  NOKEEP  NOSCALE  GLOBAL ;
--------------------------------------------------------
--  DDL for Table BOARD
--------------------------------------------------------

  CREATE TABLE "BTEAM"."BOARD" 
   (	"ID" NUMBER, 
	"TITLE" VARCHAR2(1000 BYTE), 
	"CONTENT" VARCHAR2(4000 BYTE), 
	"WRITER" VARCHAR2(100 BYTE), 
	"WRITEDATE" DATE DEFAULT sysdate, 
	"READCNT" NUMBER DEFAULT 0, 
	"READ_HEART" NUMBER DEFAULT 0, 
	"BOARD_GROUP_ID" NUMBER, 
	"FILE_PATH" VARCHAR2(4000 BYTE)
   ) SEGMENT CREATION IMMEDIATE 
  PCTFREE 10 PCTUSED 40 INITRANS 1 MAXTRANS 255 
 NOCOMPRESS LOGGING
  STORAGE(INITIAL 65536 NEXT 1048576 MINEXTENTS 1 MAXEXTENTS 2147483645
  PCTINCREASE 0 FREELISTS 1 FREELIST GROUPS 1
  BUFFER_POOL DEFAULT FLASH_CACHE DEFAULT CELL_FLASH_CACHE DEFAULT)
  TABLESPACE "USERS" ;

   COMMENT ON COLUMN "BTEAM"."BOARD"."WRITEDATE" IS ' /*작성일자*/';
   COMMENT ON COLUMN "BTEAM"."BOARD"."READCNT" IS ' /*조회수*/';
   COMMENT ON COLUMN "BTEAM"."BOARD"."FILE_PATH" IS '테스트';
--------------------------------------------------------
--  DDL for Table BOARD_COMMENT
--------------------------------------------------------

  CREATE TABLE "BTEAM"."BOARD_COMMENT" 
   (	"ID" NUMBER, 
	"CONTENT" VARCHAR2(2000 BYTE), 
	"WRITER" VARCHAR2(100 BYTE), 
	"WRITEDATE" DATE DEFAULT sysdate, 
	"BOARD_ID" NUMBER
   ) SEGMENT CREATION IMMEDIATE 
  PCTFREE 10 PCTUSED 40 INITRANS 1 MAXTRANS 255 
 NOCOMPRESS LOGGING
  STORAGE(INITIAL 65536 NEXT 1048576 MINEXTENTS 1 MAXEXTENTS 2147483645
  PCTINCREASE 0 FREELISTS 1 FREELIST GROUPS 1
  BUFFER_POOL DEFAULT FLASH_CACHE DEFAULT CELL_FLASH_CACHE DEFAULT)
  TABLESPACE "USERS" ;
--------------------------------------------------------
--  DDL for Table BOARD_FILE
--------------------------------------------------------

  CREATE TABLE "BTEAM"."BOARD_FILE" 
   (	"ID" NUMBER, 
	"BOARD_ID" NUMBER, 
	"FILENAME" VARCHAR2(300 BYTE), 
	"FILEPATH" VARCHAR2(1000 BYTE)
   ) SEGMENT CREATION IMMEDIATE 
  PCTFREE 10 PCTUSED 40 INITRANS 1 MAXTRANS 255 
 NOCOMPRESS LOGGING
  STORAGE(INITIAL 65536 NEXT 1048576 MINEXTENTS 1 MAXEXTENTS 2147483645
  PCTINCREASE 0 FREELISTS 1 FREELIST GROUPS 1
  BUFFER_POOL DEFAULT FLASH_CACHE DEFAULT CELL_FLASH_CACHE DEFAULT)
  TABLESPACE "USERS" ;
--------------------------------------------------------
--  DDL for Table BOARD_GROUP
--------------------------------------------------------

  CREATE TABLE "BTEAM"."BOARD_GROUP" 
   (	"BOARD_GROUP_ID" NUMBER, 
	"BOARD_NAME" VARCHAR2(100 BYTE)
   ) SEGMENT CREATION IMMEDIATE 
  PCTFREE 10 PCTUSED 40 INITRANS 1 MAXTRANS 255 
 NOCOMPRESS LOGGING
  STORAGE(INITIAL 65536 NEXT 1048576 MINEXTENTS 1 MAXEXTENTS 2147483645
  PCTINCREASE 0 FREELISTS 1 FREELIST GROUPS 1
  BUFFER_POOL DEFAULT FLASH_CACHE DEFAULT CELL_FLASH_CACHE DEFAULT)
  TABLESPACE "USERS" ;

   COMMENT ON COLUMN "BTEAM"."BOARD_GROUP"."BOARD_GROUP_ID" IS '1.자유 2.공부 3.관심 4.고민상담 5.학교 6.반';
--------------------------------------------------------
--  DDL for Table BOOK
--------------------------------------------------------

  CREATE TABLE "BTEAM"."BOOK" 
   (	"TITLE" VARCHAR2(1000 BYTE), 
	"CREATOR" VARCHAR2(1000 BYTE), 
	"REGDATE" VARCHAR2(1000 BYTE), 
	"COLLECTIONDB" VARCHAR2(1000 BYTE), 
	"DESCRIPTION" VARCHAR2(4000 BYTE), 
	"RIGHTS" VARCHAR2(1000 BYTE), 
	"LANGUAGE" VARCHAR2(1000 BYTE), 
	"EXTENT" VARCHAR2(100 BYTE), 
	"REFERENCEIDENTIFIER" VARCHAR2(4000 BYTE), 
	"URL" VARCHAR2(4000 BYTE)
   ) SEGMENT CREATION IMMEDIATE 
  PCTFREE 10 PCTUSED 40 INITRANS 1 MAXTRANS 255 
 NOCOMPRESS LOGGING
  STORAGE(INITIAL 65536 NEXT 1048576 MINEXTENTS 1 MAXEXTENTS 2147483645
  PCTINCREASE 0 FREELISTS 1 FREELIST GROUPS 1
  BUFFER_POOL DEFAULT FLASH_CACHE DEFAULT CELL_FLASH_CACHE DEFAULT)
  TABLESPACE "USERS" ;
--------------------------------------------------------
--  DDL for Table CALENDAR_WEB
--------------------------------------------------------

  CREATE TABLE "BTEAM"."CALENDAR_WEB" 
   (	"ID" NUMBER, 
	"TITLE" VARCHAR2(1000 BYTE), 
	"WRITER" VARCHAR2(50 BYTE), 
	"START1" DATE, 
	"END1" DATE, 
	"ALLDAY" VARCHAR2(20 BYTE) DEFAULT 'true'
   ) SEGMENT CREATION IMMEDIATE 
  PCTFREE 10 PCTUSED 40 INITRANS 1 MAXTRANS 255 
 NOCOMPRESS LOGGING
  STORAGE(INITIAL 65536 NEXT 1048576 MINEXTENTS 1 MAXEXTENTS 2147483645
  PCTINCREASE 0 FREELISTS 1 FREELIST GROUPS 1
  BUFFER_POOL DEFAULT FLASH_CACHE DEFAULT CELL_FLASH_CACHE DEFAULT)
  TABLESPACE "USERS" ;
--------------------------------------------------------
--  DDL for Table CATEGORY_QNA
--------------------------------------------------------

  CREATE TABLE "BTEAM"."CATEGORY_QNA" 
   (	"ID" NUMBER, 
	"TITLE" VARCHAR2(300 BYTE)
   ) SEGMENT CREATION IMMEDIATE 
  PCTFREE 10 PCTUSED 40 INITRANS 1 MAXTRANS 255 
 NOCOMPRESS LOGGING
  STORAGE(INITIAL 65536 NEXT 1048576 MINEXTENTS 1 MAXEXTENTS 2147483645
  PCTINCREASE 0 FREELISTS 1 FREELIST GROUPS 1
  BUFFER_POOL DEFAULT FLASH_CACHE DEFAULT CELL_FLASH_CACHE DEFAULT)
  TABLESPACE "USERS" ;
--------------------------------------------------------
--  DDL for Table CLASS_CODE
--------------------------------------------------------

  CREATE TABLE "BTEAM"."CLASS_CODE" 
   (	"GRADE_CLASS_CODE" NUMBER, 
	"SCHOOL_ID" NUMBER
   ) SEGMENT CREATION IMMEDIATE 
  PCTFREE 10 PCTUSED 40 INITRANS 1 MAXTRANS 255 
 NOCOMPRESS LOGGING
  STORAGE(INITIAL 65536 NEXT 1048576 MINEXTENTS 1 MAXEXTENTS 2147483645
  PCTINCREASE 0 FREELISTS 1 FREELIST GROUPS 1
  BUFFER_POOL DEFAULT FLASH_CACHE DEFAULT CELL_FLASH_CACHE DEFAULT)
  TABLESPACE "USERS" ;
--------------------------------------------------------
--  DDL for Table EDU_ACADEMY
--------------------------------------------------------

  CREATE TABLE "BTEAM"."EDU_ACADEMY" 
   (	"USERID" VARCHAR2(100 BYTE), 
	"ACADEMY_NAME" VARCHAR2(500 BYTE), 
	"STATUS" VARCHAR2(10 BYTE), 
	"FIELD" VARCHAR2(500 BYTE), 
	"ADDR" VARCHAR2(1000 BYTE), 
	"DETAIL_ADDR" VARCHAR2(1000 BYTE), 
	"OFFICE_CODE" VARCHAR2(20 BYTE), 
	"HEART_ACA" NUMBER
   ) SEGMENT CREATION IMMEDIATE 
  PCTFREE 10 PCTUSED 40 INITRANS 1 MAXTRANS 255 
 NOCOMPRESS LOGGING
  STORAGE(INITIAL 65536 NEXT 1048576 MINEXTENTS 1 MAXEXTENTS 2147483645
  PCTINCREASE 0 FREELISTS 1 FREELIST GROUPS 1
  BUFFER_POOL DEFAULT FLASH_CACHE DEFAULT CELL_FLASH_CACHE DEFAULT)
  TABLESPACE "USERS" ;
--------------------------------------------------------
--  DDL for Table EDU_BOOK
--------------------------------------------------------

  CREATE TABLE "BTEAM"."EDU_BOOK" 
   (	"BOOK_TITLE" VARCHAR2(500 BYTE), 
	"BOOK_WRITER" VARCHAR2(100 BYTE)
   ) SEGMENT CREATION DEFERRED 
  PCTFREE 10 PCTUSED 40 INITRANS 1 MAXTRANS 255 
 NOCOMPRESS LOGGING
  TABLESPACE "USERS" ;
--------------------------------------------------------
--  DDL for Table EVENTS
--------------------------------------------------------

  CREATE TABLE "BTEAM"."EVENTS" 
   (	"MEMBER_ID" VARCHAR2(100 BYTE), 
	"SUCCESS_DAY" DATE DEFAULT sysdate, 
	"SUCCCESS_CNT" NUMBER
   ) SEGMENT CREATION IMMEDIATE 
  PCTFREE 10 PCTUSED 40 INITRANS 1 MAXTRANS 255 
 NOCOMPRESS LOGGING
  STORAGE(INITIAL 65536 NEXT 1048576 MINEXTENTS 1 MAXEXTENTS 2147483645
  PCTINCREASE 0 FREELISTS 1 FREELIST GROUPS 1
  BUFFER_POOL DEFAULT FLASH_CACHE DEFAULT CELL_FLASH_CACHE DEFAULT)
  TABLESPACE "USERS" ;
--------------------------------------------------------
--  DDL for Table IOT
--------------------------------------------------------

  CREATE TABLE "BTEAM"."IOT" 
   (	"FILEPATH" VARCHAR2(4000 BYTE), 
	"FILENAME" NVARCHAR2(1000)
   ) SEGMENT CREATION IMMEDIATE 
  PCTFREE 10 PCTUSED 40 INITRANS 1 MAXTRANS 255 
 NOCOMPRESS LOGGING
  STORAGE(INITIAL 65536 NEXT 1048576 MINEXTENTS 1 MAXEXTENTS 2147483645
  PCTINCREASE 0 FREELISTS 1 FREELIST GROUPS 1
  BUFFER_POOL DEFAULT FLASH_CACHE DEFAULT CELL_FLASH_CACHE DEFAULT)
  TABLESPACE "USERS" ;
--------------------------------------------------------
--  DDL for Table MEMBER
--------------------------------------------------------

  CREATE TABLE "BTEAM"."MEMBER" 
   (	"USERID" VARCHAR2(100 BYTE), 
	"NAME" VARCHAR2(50 BYTE), 
	"USERPW" VARCHAR2(100 BYTE), 
	"PHONE" VARCHAR2(13 BYTE), 
	"PARENT_PHONE" VARCHAR2(13 BYTE), 
	"GENDER" VARCHAR2(1 BYTE) DEFAULT 'N', 
	"BIRTH" DATE DEFAULT sysdate, 
	"PROFILE" VARCHAR2(4000 BYTE), 
	"NICKNAME" VARCHAR2(60 BYTE), 
	"SOCIAL" VARCHAR2(1 BYTE) DEFAULT 'N', 
	"MEMBER_GRP" VARCHAR2(1 BYTE) DEFAULT 'S', 
	"GRADE_CLASS_CODE" NUMBER, 
	"SCHOOL_ID" NUMBER, 
	"TEACHER" VARCHAR2(50 BYTE)
   ) SEGMENT CREATION IMMEDIATE 
  PCTFREE 10 PCTUSED 40 INITRANS 1 MAXTRANS 255 
 NOCOMPRESS LOGGING
  STORAGE(INITIAL 65536 NEXT 1048576 MINEXTENTS 1 MAXEXTENTS 2147483645
  PCTINCREASE 0 FREELISTS 1 FREELIST GROUPS 1
  BUFFER_POOL DEFAULT FLASH_CACHE DEFAULT CELL_FLASH_CACHE DEFAULT)
  TABLESPACE "USERS" ;
--------------------------------------------------------
--  DDL for Table PLAY
--------------------------------------------------------

  CREATE TABLE "BTEAM"."PLAY" 
   (	"PLAY_NAME" VARCHAR2(1000 BYTE), 
	"LOCATION" VARCHAR2(1000 BYTE), 
	"PLACE" VARCHAR2(1000 BYTE), 
	"URL" VARCHAR2(300 BYTE), 
	"PERSON" VARCHAR2(20 BYTE), 
	"PERIOD" VARCHAR2(300 BYTE), 
	"SECTION" VARCHAR2(1000 BYTE), 
	"TAG" VARCHAR2(300 BYTE), 
	"FILEPATH" VARCHAR2(1000 BYTE)
   ) SEGMENT CREATION IMMEDIATE 
  PCTFREE 10 PCTUSED 40 INITRANS 1 MAXTRANS 255 
 NOCOMPRESS LOGGING
  STORAGE(INITIAL 65536 NEXT 1048576 MINEXTENTS 1 MAXEXTENTS 2147483645
  PCTINCREASE 0 FREELISTS 1 FREELIST GROUPS 1
  BUFFER_POOL DEFAULT FLASH_CACHE DEFAULT CELL_FLASH_CACHE DEFAULT)
  TABLESPACE "USERS" ;
--------------------------------------------------------
--  DDL for Table QNA
--------------------------------------------------------

  CREATE TABLE "BTEAM"."QNA" 
   (	"ID" NUMBER, 
	"TITLE" VARCHAR2(1000 BYTE), 
	"CONTENT" VARCHAR2(4000 BYTE), 
	"WRITER" VARCHAR2(50 BYTE), 
	"WRITEDATE" DATE DEFAULT sysdate, 
	"READCNT" NUMBER DEFAULT 0, 
	"FIELD" NUMBER, 
	"OPEN" NUMBER DEFAULT 0 /*0:공개, 1:비공개*/
   ) SEGMENT CREATION IMMEDIATE 
  PCTFREE 10 PCTUSED 40 INITRANS 1 MAXTRANS 255 
 NOCOMPRESS LOGGING
  STORAGE(INITIAL 65536 NEXT 1048576 MINEXTENTS 1 MAXEXTENTS 2147483645
  PCTINCREASE 0 FREELISTS 1 FREELIST GROUPS 1
  BUFFER_POOL DEFAULT FLASH_CACHE DEFAULT CELL_FLASH_CACHE DEFAULT)
  TABLESPACE "USERS" ;
--------------------------------------------------------
--  DDL for Table QNA_ANSWER
--------------------------------------------------------

  CREATE TABLE "BTEAM"."QNA_ANSWER" 
   (	"ID" NUMBER, 
	"CONTENT_A" VARCHAR2(4000 BYTE), 
	"WRITER_A" VARCHAR2(50 BYTE), 
	"WRITEDATE_A" DATE DEFAULT sysdate, 
	"QNA_ID" NUMBER
   ) SEGMENT CREATION IMMEDIATE 
  PCTFREE 10 PCTUSED 40 INITRANS 1 MAXTRANS 255 
 NOCOMPRESS LOGGING
  STORAGE(INITIAL 65536 NEXT 1048576 MINEXTENTS 1 MAXEXTENTS 2147483645
  PCTINCREASE 0 FREELISTS 1 FREELIST GROUPS 1
  BUFFER_POOL DEFAULT FLASH_CACHE DEFAULT CELL_FLASH_CACHE DEFAULT)
  TABLESPACE "USERS" ;
--------------------------------------------------------
--  DDL for Table SCHOOL
--------------------------------------------------------

  CREATE TABLE "BTEAM"."SCHOOL" 
   (	"SCHOOL_ID" NUMBER, 
	"SCHOOL_NAME" VARCHAR2(100 BYTE), 
	"OFFICE_NAME" VARCHAR2(60 BYTE), 
	"OFFICE_CODE" VARCHAR2(20 BYTE)
   ) SEGMENT CREATION IMMEDIATE 
  PCTFREE 10 PCTUSED 40 INITRANS 1 MAXTRANS 255 
 NOCOMPRESS LOGGING
  STORAGE(INITIAL 65536 NEXT 1048576 MINEXTENTS 1 MAXEXTENTS 2147483645
  PCTINCREASE 0 FREELISTS 1 FREELIST GROUPS 1
  BUFFER_POOL DEFAULT FLASH_CACHE DEFAULT CELL_FLASH_CACHE DEFAULT)
  TABLESPACE "USERS" ;
--------------------------------------------------------
--  DDL for Table SCHOOLPOST
--------------------------------------------------------

  CREATE TABLE "BTEAM"."SCHOOLPOST" 
   (	"SCHOOLPOST_ID" NUMBER, 
	"CATEGORY" VARCHAR2(20 BYTE), 
	"TITLE" VARCHAR2(1000 BYTE), 
	"CONTEXT" VARCHAR2(4000 BYTE), 
	"WRITER" VARCHAR2(100 BYTE), 
	"WRITEDATE" DATE DEFAULT sysdate, 
	"GRADE_CLASS_CODE" NUMBER, 
	"SCHOOL_ID" NUMBER, 
	"YMD" DATE, 
	"FILE_PATH" VARCHAR2(4000 BYTE), 
	"READCNT" NUMBER DEFAULT 0
   ) SEGMENT CREATION IMMEDIATE 
  PCTFREE 10 PCTUSED 40 INITRANS 1 MAXTRANS 255 
 NOCOMPRESS LOGGING
  STORAGE(INITIAL 65536 NEXT 1048576 MINEXTENTS 1 MAXEXTENTS 2147483645
  PCTINCREASE 0 FREELISTS 1 FREELIST GROUPS 1
  BUFFER_POOL DEFAULT FLASH_CACHE DEFAULT CELL_FLASH_CACHE DEFAULT)
  TABLESPACE "USERS" ;
--------------------------------------------------------
--  DDL for Table SCHOOLPOST_FILE
--------------------------------------------------------

  CREATE TABLE "BTEAM"."SCHOOLPOST_FILE" 
   (	"ID" NUMBER, 
	"SCHOOLPOST_ID" NUMBER, 
	"FILENAME" VARCHAR2(300 BYTE), 
	"FILEPATH" VARCHAR2(1000 BYTE)
   ) SEGMENT CREATION IMMEDIATE 
  PCTFREE 10 PCTUSED 40 INITRANS 1 MAXTRANS 255 
 NOCOMPRESS LOGGING
  STORAGE(INITIAL 65536 NEXT 1048576 MINEXTENTS 1 MAXEXTENTS 2147483645
  PCTINCREASE 0 FREELISTS 1 FREELIST GROUPS 1
  BUFFER_POOL DEFAULT FLASH_CACHE DEFAULT CELL_FLASH_CACHE DEFAULT)
  TABLESPACE "USERS" ;
--------------------------------------------------------
--  DDL for Table SCHOOL_FIELD
--------------------------------------------------------

  CREATE TABLE "BTEAM"."SCHOOL_FIELD" 
   (	"FIELD" NUMBER, 
	"CATEGORY" VARCHAR2(20 BYTE)
   ) SEGMENT CREATION IMMEDIATE 
  PCTFREE 10 PCTUSED 40 INITRANS 1 MAXTRANS 255 
 NOCOMPRESS LOGGING
  STORAGE(INITIAL 65536 NEXT 1048576 MINEXTENTS 1 MAXEXTENTS 2147483645
  PCTINCREASE 0 FREELISTS 1 FREELIST GROUPS 1
  BUFFER_POOL DEFAULT FLASH_CACHE DEFAULT CELL_FLASH_CACHE DEFAULT)
  TABLESPACE "USERS" ;
--------------------------------------------------------
--  DDL for Table SCRAP
--------------------------------------------------------

  CREATE TABLE "BTEAM"."SCRAP" 
   (	"SCRAPPER" VARCHAR2(100 BYTE), 
	"BOARD_ID" NUMBER, 
	"SCRAP_ID" NUMBER
   ) SEGMENT CREATION IMMEDIATE 
  PCTFREE 10 PCTUSED 40 INITRANS 1 MAXTRANS 255 
 NOCOMPRESS LOGGING
  STORAGE(INITIAL 65536 NEXT 1048576 MINEXTENTS 1 MAXEXTENTS 2147483645
  PCTINCREASE 0 FREELISTS 1 FREELIST GROUPS 1
  BUFFER_POOL DEFAULT FLASH_CACHE DEFAULT CELL_FLASH_CACHE DEFAULT)
  TABLESPACE "USERS" ;
--------------------------------------------------------
--  DDL for Table TIMETABLE
--------------------------------------------------------

  CREATE TABLE "BTEAM"."TIMETABLE" 
   (	"GRADE_CLASS_CODE" NUMBER, 
	"SCHOOL_ID" NUMBER, 
	"SUBJECT" VARCHAR2(30 BYTE), 
	"PERIOD" NUMBER, 
	"DAY" VARCHAR2(20 BYTE)
   ) SEGMENT CREATION IMMEDIATE 
  PCTFREE 10 PCTUSED 40 INITRANS 1 MAXTRANS 255 
 NOCOMPRESS LOGGING
  STORAGE(INITIAL 65536 NEXT 1048576 MINEXTENTS 1 MAXEXTENTS 2147483645
  PCTINCREASE 0 FREELISTS 1 FREELIST GROUPS 1
  BUFFER_POOL DEFAULT FLASH_CACHE DEFAULT CELL_FLASH_CACHE DEFAULT)
  TABLESPACE "USERS" ;
REM INSERTING into BTEAM.BOARD
SET DEFINE OFF;
Insert into BTEAM.BOARD (ID,TITLE,CONTENT,WRITER,WRITEDATE,READCNT,READ_HEART,BOARD_GROUP_ID,FILE_PATH) values (20,'안드에서 새글 저장중입니다. 파일은 어떻게 저장할까요???','랜덤은 무엇이고 목록은 어떻게 찍히나요?','dara',to_date('2022-09-22 20:51:18','YYYY-MM-DD HH24:MI:SS'),2,0,1,null);
Insert into BTEAM.BOARD (ID,TITLE,CONTENT,WRITER,WRITEDATE,READCNT,READ_HEART,BOARD_GROUP_ID,FILE_PATH) values (21,'안녕','지금은 밤 9시입니다','gana',to_date('2022-09-22 20:59:50','YYYY-MM-DD HH24:MI:SS'),0,0,1,null);
Insert into BTEAM.BOARD (ID,TITLE,CONTENT,WRITER,WRITEDATE,READCNT,READ_HEART,BOARD_GROUP_ID,FILE_PATH) values (22,'안녕','지금은 밤 9시입니다','gana',to_date('2022-09-22 21:00:04','YYYY-MM-DD HH24:MI:SS'),2,0,1,null);
Insert into BTEAM.BOARD (ID,TITLE,CONTENT,WRITER,WRITEDATE,READCNT,READ_HEART,BOARD_GROUP_ID,FILE_PATH) values (31,'file_path test','file_path test
','dara',to_date('2022-09-25 10:11:15','YYYY-MM-DD HH24:MI:SS'),0,0,1,null);
Insert into BTEAM.BOARD (ID,TITLE,CONTENT,WRITER,WRITEDATE,READCNT,READ_HEART,BOARD_GROUP_ID,FILE_PATH) values (47,'free','free','gana',to_date('2022-09-27 11:43:59','YYYY-MM-DD HH24:MI:SS'),0,0,1,'http://192.168.0.62/bteam/upload/andboard/2022/09/27/da1d917c-95d4-4461-84da-497502f5cdd3_test.jpg');
Insert into BTEAM.BOARD (ID,TITLE,CONTENT,WRITER,WRITEDATE,READCNT,READ_HEART,BOARD_GROUP_ID,FILE_PATH) values (48,'5656777444555','5656777444555','gana',to_date('2022-09-27 18:57:18','YYYY-MM-DD HH24:MI:SS'),0,0,1,'http://192.168.0.62/bteam/upload/andboard/2022/09/27/f8059e6d-6542-4496-bf3d-8244ec7759b7_test.jpg');
Insert into BTEAM.BOARD (ID,TITLE,CONTENT,WRITER,WRITEDATE,READCNT,READ_HEART,BOARD_GROUP_ID,FILE_PATH) values (68,'자유 20220929 19:28','라라라','gana',to_date('2022-09-29 19:08:33','YYYY-MM-DD HH24:MI:SS'),26,0,1,'http://192.168.0.62/bteam/upload/andboard/2022/09/29/16a1a17f-5576-43e3-b15a-7a6e01e2f5b5_board.png');
Insert into BTEAM.BOARD (ID,TITLE,CONTENT,WRITER,WRITEDATE,READCNT,READ_HEART,BOARD_GROUP_ID,FILE_PATH) values (77,'롸','ㅓ나나아랑','stu1',to_date('2022-10-05 17:21:56','YYYY-MM-DD HH24:MI:SS'),10,0,3,null);
Insert into BTEAM.BOARD (ID,TITLE,CONTENT,WRITER,WRITEDATE,READCNT,READ_HEART,BOARD_GROUP_ID,FILE_PATH) values (86,'아이오티 어케하나요?','설명좀','dara',to_date('2022-10-08 15:59:36','YYYY-MM-DD HH24:MI:SS'),39,0,3,'http://192.168.0.119:81/bteam/upload/andboard/2022/10/08/9b81cad2-6487-487d-8ca9-eedc353ff585_board.png');
Insert into BTEAM.BOARD (ID,TITLE,CONTENT,WRITER,WRITEDATE,READCNT,READ_HEART,BOARD_GROUP_ID,FILE_PATH) values (45,'study','study','gana',to_date('2022-09-26 19:44:06','YYYY-MM-DD HH24:MI:SS'),2,0,2,'http://192.168.0.62/bteam/upload/andboard/2022/09/26/c7c8e15c-0db2-4201-80e5-935376dfbb61_test.jpg');
Insert into BTEAM.BOARD (ID,TITLE,CONTENT,WRITER,WRITEDATE,READCNT,READ_HEART,BOARD_GROUP_ID,FILE_PATH) values (64,'20220929','20220929','gana',to_date('2022-09-29 09:04:20','YYYY-MM-DD HH24:MI:SS'),38,0,1,'http://192.168.0.62/bteam/upload/andboard/2022/09/29/ba52c842-1647-4ed2-b734-9ec249a530ef_test.jpg');
Insert into BTEAM.BOARD (ID,TITLE,CONTENT,WRITER,WRITEDATE,READCNT,READ_HEART,BOARD_GROUP_ID,FILE_PATH) values (76,'aaaaaaaaa','aaaaaaaaaa','dara',to_date('2022-10-05 13:08:44','YYYY-MM-DD HH24:MI:SS'),8,0,2,null);
Insert into BTEAM.BOARD (ID,TITLE,CONTENT,WRITER,WRITEDATE,READCNT,READ_HEART,BOARD_GROUP_ID,FILE_PATH) values (78,'delete test','delete test','dara',to_date('2022-10-05 19:37:53','YYYY-MM-DD HH24:MI:SS'),8,0,4,'http://192.168.0.62/bteam/upload/andboard/2022/10/05/08b1d5db-4d0e-466c-b80f-fb58dbf02b6f_board.png');
Insert into BTEAM.BOARD (ID,TITLE,CONTENT,WRITER,WRITEDATE,READCNT,READ_HEART,BOARD_GROUP_ID,FILE_PATH) values (90,'호두마루 먹방 보세요','호두마루 너무 귀여워요','dara',to_date('2022-10-17 01:06:17','YYYY-MM-DD HH24:MI:SS'),204,0,1,'http://192.168.0.62/bteam/upload/board/2022/10/17/4648cc93-5959-406d-8b61-8419503a8a6b_호두마루.jpg');
Insert into BTEAM.BOARD (ID,TITLE,CONTENT,WRITER,WRITEDATE,READCNT,READ_HEART,BOARD_GROUP_ID,FILE_PATH) values (101,'정신차려이친구야','정신차려','dara',to_date('2022-10-19 20:37:11','YYYY-MM-DD HH24:MI:SS'),11,0,1,null);
Insert into BTEAM.BOARD (ID,TITLE,CONTENT,WRITER,WRITEDATE,READCNT,READ_HEART,BOARD_GROUP_ID,FILE_PATH) values (125,'안녕','안녕 나는 마바야 우리 이름들이 비슷하지 않아???','maba',to_date('2022-10-28 14:08:18','YYYY-MM-DD HH24:MI:SS'),7,0,1,null);
Insert into BTEAM.BOARD (ID,TITLE,CONTENT,WRITER,WRITEDATE,READCNT,READ_HEART,BOARD_GROUP_ID,FILE_PATH) values (32,'qwer','qwer','dara',to_date('2022-09-25 10:21:22','YYYY-MM-DD HH24:MI:SS'),0,0,1,null);
Insert into BTEAM.BOARD (ID,TITLE,CONTENT,WRITER,WRITEDATE,READCNT,READ_HEART,BOARD_GROUP_ID,FILE_PATH) values (40,'123456789','123456789','gana',to_date('2022-09-26 09:23:05','YYYY-MM-DD HH24:MI:SS'),0,0,1,null);
Insert into BTEAM.BOARD (ID,TITLE,CONTENT,WRITER,WRITEDATE,READCNT,READ_HEART,BOARD_GROUP_ID,FILE_PATH) values (69,'20220930테스트','테스트','maba',to_date('2022-09-30 12:10:33','YYYY-MM-DD HH24:MI:SS'),10,0,1,'http://192.168.0.62/bteam/upload/andboard/2022/09/30/78f7b838-1f22-470d-8718-ef0e13504ed3_board.png');
Insert into BTEAM.BOARD (ID,TITLE,CONTENT,WRITER,WRITEDATE,READCNT,READ_HEART,BOARD_GROUP_ID,FILE_PATH) values (49,'123','123','gana',to_date('2022-09-27 19:15:51','YYYY-MM-DD HH24:MI:SS'),16,0,2,null);
Insert into BTEAM.BOARD (ID,TITLE,CONTENT,WRITER,WRITEDATE,READCNT,READ_HEART,BOARD_GROUP_ID,FILE_PATH) values (72,'안녕들하십니까??','후후후후 이건 테스트입니다','gana',to_date('2022-10-04 02:54:54','YYYY-MM-DD HH24:MI:SS'),15,0,1,'http://192.168.0.62/bteam/upload/andboard/2022/10/04/60f9c9d5-0675-40a7-8511-910bdda85520_board.png');
Insert into BTEAM.BOARD (ID,TITLE,CONTENT,WRITER,WRITEDATE,READCNT,READ_HEART,BOARD_GROUP_ID,FILE_PATH) values (51,'111','111111','gana',to_date('2022-09-27 19:35:58','YYYY-MM-DD HH24:MI:SS'),0,0,1,null);
Insert into BTEAM.BOARD (ID,TITLE,CONTENT,WRITER,WRITEDATE,READCNT,READ_HEART,BOARD_GROUP_ID,FILE_PATH) values (52,'20220928updatetest2','20220928updatetest2','gana',to_date('2022-09-27 19:43:25','YYYY-MM-DD HH24:MI:SS'),2,0,1,'http://192.168.0.62/bteam/upload/andboard/2022/09/28/368961ac-a20b-48fe-b702-492ee625c1ad_test.jpg');
Insert into BTEAM.BOARD (ID,TITLE,CONTENT,WRITER,WRITEDATE,READCNT,READ_HEART,BOARD_GROUP_ID,FILE_PATH) values (92,'안녕 나는 jyp','dara  dara 밝은 dara 잘지내라~ 또만나자','jyp',to_date('2022-10-18 18:24:48','YYYY-MM-DD HH24:MI:SS'),34,0,1,null);
Insert into BTEAM.BOARD (ID,TITLE,CONTENT,WRITER,WRITEDATE,READCNT,READ_HEART,BOARD_GROUP_ID,FILE_PATH) values (104,'피엔쥐파일올려가나요???','알려주세요!!1','maba',to_date('2022-10-19 21:50:37','YYYY-MM-DD HH24:MI:SS'),31,0,4,'http://192.168.0.62/bteam/upload/board/2022/10/19/0b1b9968-22d3-4ba1-973c-161d6cd9d548_Bteam1.png');
Insert into BTEAM.BOARD (ID,TITLE,CONTENT,WRITER,WRITEDATE,READCNT,READ_HEART,BOARD_GROUP_ID,FILE_PATH) values (96,'free','free','dara',to_date('2022-10-19 12:18:37','YYYY-MM-DD HH24:MI:SS'),2,0,1,null);
Insert into BTEAM.BOARD (ID,TITLE,CONTENT,WRITER,WRITEDATE,READCNT,READ_HEART,BOARD_GROUP_ID,FILE_PATH) values (97,'study123','study123','dara',to_date('2022-10-19 12:22:49','YYYY-MM-DD HH24:MI:SS'),20,0,2,null);
Insert into BTEAM.BOARD (ID,TITLE,CONTENT,WRITER,WRITEDATE,READCNT,READ_HEART,BOARD_GROUP_ID,FILE_PATH) values (57,'20220928updatetest1','20220928updatetest1','gana',to_date('2022-09-28 00:26:16','YYYY-MM-DD HH24:MI:SS'),15,0,3,null);
Insert into BTEAM.BOARD (ID,TITLE,CONTENT,WRITER,WRITEDATE,READCNT,READ_HEART,BOARD_GROUP_ID,FILE_PATH) values (58,'20220928test1110548','20220928test11110548','gana',to_date('2022-09-29 05:48:14','YYYY-MM-DD HH24:MI:SS'),12,0,1,'http://192.168.0.62/bteam/upload/andboard/2022/09/29/d8fdeec9-041b-4a61-af1e-18641bb3c395_test.jpg');
Insert into BTEAM.BOARD (ID,TITLE,CONTENT,WRITER,WRITEDATE,READCNT,READ_HEART,BOARD_GROUP_ID,FILE_PATH) values (98,'time20221019','20221019','dara',to_date('2022-10-19 14:21:45','YYYY-MM-DD HH24:MI:SS'),31,0,1,'http://192.168.0.62/bteam/upload/andboard/2022/10/19/584ecc52-51b9-4851-827f-55e27a8fbf74_board.png');
Insert into BTEAM.BOARD (ID,TITLE,CONTENT,WRITER,WRITEDATE,READCNT,READ_HEART,BOARD_GROUP_ID,FILE_PATH) values (110,'안녕','반가워','gana',to_date('2022-10-22 20:39:23','YYYY-MM-DD HH24:MI:SS'),58,0,1,'http://192.168.0.58/bteam/upload/andboard/2022/10/22/fb26701b-af6a-4e38-9a3e-dbbb577f9d34_schoolpost.jpg');
Insert into BTEAM.BOARD (ID,TITLE,CONTENT,WRITER,WRITEDATE,READCNT,READ_HEART,BOARD_GROUP_ID,FILE_PATH) values (107,'왜 허니머스타드칩이 사라졌을까?','맛있는데!!!!!!!!!!','dara',to_date('2022-10-20 00:00:34','YYYY-MM-DD HH24:MI:SS'),43,0,2,'http://192.168.0.62/bteam/upload/andboard/2022/10/27/6ca7f9b4-2286-4e1f-b47e-48023f7fe3ce_schoolpost.jpg');
Insert into BTEAM.BOARD (ID,TITLE,CONTENT,WRITER,WRITEDATE,READCNT,READ_HEART,BOARD_GROUP_ID,FILE_PATH) values (25,'테스트','테스트!!!!','dara',to_date('2022-09-22 21:33:07','YYYY-MM-DD HH24:MI:SS'),0,0,1,null);
Insert into BTEAM.BOARD (ID,TITLE,CONTENT,WRITER,WRITEDATE,READCNT,READ_HEART,BOARD_GROUP_ID,FILE_PATH) values (26,'1111111','셔터내려욧!!!1','dara',to_date('2022-09-22 21:34:17','YYYY-MM-DD HH24:MI:SS'),0,0,1,null);
Insert into BTEAM.BOARD (ID,TITLE,CONTENT,WRITER,WRITEDATE,READCNT,READ_HEART,BOARD_GROUP_ID,FILE_PATH) values (33,'11111','111111','dara',to_date('2022-09-25 13:19:58','YYYY-MM-DD HH24:MI:SS'),0,0,4,null);
Insert into BTEAM.BOARD (ID,TITLE,CONTENT,WRITER,WRITEDATE,READCNT,READ_HEART,BOARD_GROUP_ID,FILE_PATH) values (15,'아아..게시판테스트','게시판 점검들어갑니다 ㅎㅎㅎ','dara',to_date('2022-10-04 16:56:20','YYYY-MM-DD HH24:MI:SS'),11,5,1,null);
Insert into BTEAM.BOARD (ID,TITLE,CONTENT,WRITER,WRITEDATE,READCNT,READ_HEART,BOARD_GROUP_ID,FILE_PATH) values (111,'여기 어플 괜찮지 않아?','학교 소식도 볼 수 있고 따로 채팅이 있어서 상담도 할 수 있고
추천교육들도 좋은것같아
','dara',to_date('2022-10-26 16:32:26','YYYY-MM-DD HH24:MI:SS'),53,0,1,'http://192.168.0.62/bteam/upload/andboard/2022/10/26/8f795ccd-2661-4257-be4f-981143037d54_schoolpost.jpg');
Insert into BTEAM.BOARD (ID,TITLE,CONTENT,WRITER,WRITEDATE,READCNT,READ_HEART,BOARD_GROUP_ID,FILE_PATH) values (17,'어려워요!!','Help me!! 안드로이드 어려워!!!','dara',to_date('2022-09-21 12:21:11','YYYY-MM-DD HH24:MI:SS'),25,11,2,null);
Insert into BTEAM.BOARD (ID,TITLE,CONTENT,WRITER,WRITEDATE,READCNT,READ_HEART,BOARD_GROUP_ID,FILE_PATH) values (70,'xx','uygg','2',to_date('2022-09-30 12:57:34','YYYY-MM-DD HH24:MI:SS'),8,0,1,'http://192.168.0.62/bteam/upload/andboard/2022/09/30/a5c143c1-31f6-41f5-bd0a-e1ebabdace4e_board.png');
Insert into BTEAM.BOARD (ID,TITLE,CONTENT,WRITER,WRITEDATE,READCNT,READ_HEART,BOARD_GROUP_ID,FILE_PATH) values (73,'뉴 테스트','뉴뉴','dara',to_date('2022-10-05 10:50:46','YYYY-MM-DD HH24:MI:SS'),8,0,1,'http://192.168.0.119:81/bteam/upload/andboard/2022/10/05/dfa8a663-4f23-4c6d-b648-51155075980e_board.png');
Insert into BTEAM.BOARD (ID,TITLE,CONTENT,WRITER,WRITEDATE,READCNT,READ_HEART,BOARD_GROUP_ID,FILE_PATH) values (34,'tttttttt123','qwer1231','dara',to_date('2022-10-05 10:08:33','YYYY-MM-DD HH24:MI:SS'),4,0,4,null);
Insert into BTEAM.BOARD (ID,TITLE,CONTENT,WRITER,WRITEDATE,READCNT,READ_HEART,BOARD_GROUP_ID,FILE_PATH) values (35,'랄랄라','랑랄라','dara',to_date('2022-09-25 14:54:44','YYYY-MM-DD HH24:MI:SS'),0,0,1,null);
Insert into BTEAM.BOARD (ID,TITLE,CONTENT,WRITER,WRITEDATE,READCNT,READ_HEART,BOARD_GROUP_ID,FILE_PATH) values (36,'저 고민이 있어요','부모님이 누가 좋냐하시는데 전 우리 나비가 좋거든요
대답했더니 웃으시더라구요 왜 그럴까요?','gana',to_date('2022-09-25 18:47:03','YYYY-MM-DD HH24:MI:SS'),164,0,4,null);
Insert into BTEAM.BOARD (ID,TITLE,CONTENT,WRITER,WRITEDATE,READCNT,READ_HEART,BOARD_GROUP_ID,FILE_PATH) values (37,'ㅎㅎㅎㅎㅎ','ㅎㅎㅎㅎㅎㅎㅎ','gana',to_date('2022-09-25 21:02:14','YYYY-MM-DD HH24:MI:SS'),1,0,1,null);
Insert into BTEAM.BOARD (ID,TITLE,CONTENT,WRITER,WRITEDATE,READCNT,READ_HEART,BOARD_GROUP_ID,FILE_PATH) values (38,'ㅂㅂㅂㅂㅂㅂㅂㅂ','ㅂㅂㅂㅂㅂㅂㅂㅂㅂㅂ','gana',to_date('2022-09-25 21:04:13','YYYY-MM-DD HH24:MI:SS'),1,0,1,null);
Insert into BTEAM.BOARD (ID,TITLE,CONTENT,WRITER,WRITEDATE,READCNT,READ_HEART,BOARD_GROUP_ID,FILE_PATH) values (39,'ㅁㅁㅁㅁㅁ','ㅁㅁㅁㅁ','gana',to_date('2022-09-25 21:37:00','YYYY-MM-DD HH24:MI:SS'),0,0,1,null);
Insert into BTEAM.BOARD (ID,TITLE,CONTENT,WRITER,WRITEDATE,READCNT,READ_HEART,BOARD_GROUP_ID,FILE_PATH) values (41,'rrrrr','rrrrrrvosms qkdkdhkTwl','maba',to_date('2022-09-26 11:19:02','YYYY-MM-DD HH24:MI:SS'),4,0,1,'http://192.168.0.62/bteam/upload/andboard/2022/09/26/androidx.appcompat.widget.AppCompatImageView{c50fdf5 VFED..C.. ........ 0,0-341,297 #7f0a01aa app:id/image_photo1}');
Insert into BTEAM.BOARD (ID,TITLE,CONTENT,WRITER,WRITEDATE,READCNT,READ_HEART,BOARD_GROUP_ID,FILE_PATH) values (42,'123','456','gana',to_date('2022-09-26 18:49:42','YYYY-MM-DD HH24:MI:SS'),0,0,1,null);
Insert into BTEAM.BOARD (ID,TITLE,CONTENT,WRITER,WRITEDATE,READCNT,READ_HEART,BOARD_GROUP_ID,FILE_PATH) values (43,'123','124','gana',to_date('2022-09-26 18:56:03','YYYY-MM-DD HH24:MI:SS'),0,0,1,null);
Insert into BTEAM.BOARD (ID,TITLE,CONTENT,WRITER,WRITEDATE,READCNT,READ_HEART,BOARD_GROUP_ID,FILE_PATH) values (44,'6363636','1818181818','gana',to_date('2022-09-26 19:01:01','YYYY-MM-DD HH24:MI:SS'),0,0,2,'http://192.168.0.62/bteam/upload/andboard/2022/09/26/e2c8731c-4649-4493-ba83-22b66f2c2545_test.jpg');
Insert into BTEAM.BOARD (ID,TITLE,CONTENT,WRITER,WRITEDATE,READCNT,READ_HEART,BOARD_GROUP_ID,FILE_PATH) values (80,'snrk tkrwpwha gownj','tkrwpwha gownj','dara',to_date('2022-10-06 13:13:20','YYYY-MM-DD HH24:MI:SS'),8,0,4,null);
Insert into BTEAM.BOARD (ID,TITLE,CONTENT,WRITER,WRITEDATE,READCNT,READ_HEART,BOARD_GROUP_ID,FILE_PATH) values (81,'study_hard','study_hard','dara',to_date('2022-10-06 14:02:46','YYYY-MM-DD HH24:MI:SS'),6,0,2,'http://192.168.0.62/bteam/upload/andboard/2022/10/06/c145e8ad-8629-4d49-b32d-1d28ff19b328_board.png');
Insert into BTEAM.BOARD (ID,TITLE,CONTENT,WRITER,WRITEDATE,READCNT,READ_HEART,BOARD_GROUP_ID,FILE_PATH) values (154,'123','12','dara',to_date('2022-11-02 01:14:19','YYYY-MM-DD HH24:MI:SS'),23,0,1,'http://192.168.0.58/bteam/upload/andboard/2022/11/02/9dbabb4f-98da-4a04-b815-740cac071203_schoolpost.jpg');
Insert into BTEAM.BOARD (ID,TITLE,CONTENT,WRITER,WRITEDATE,READCNT,READ_HEART,BOARD_GROUP_ID,FILE_PATH) values (84,'1234','1234','dara',to_date('2022-10-08 15:19:58','YYYY-MM-DD HH24:MI:SS'),6,0,3,null);
Insert into BTEAM.BOARD (ID,TITLE,CONTENT,WRITER,WRITEDATE,READCNT,READ_HEART,BOARD_GROUP_ID,FILE_PATH) values (29,'찜되여','찜','dara',to_date('2022-09-22 22:10:52','YYYY-MM-DD HH24:MI:SS'),0,0,1,null);
Insert into BTEAM.BOARD (ID,TITLE,CONTENT,WRITER,WRITEDATE,READCNT,READ_HEART,BOARD_GROUP_ID,FILE_PATH) values (30,'찜','찜
','dara',to_date('2022-09-23 09:12:24','YYYY-MM-DD HH24:MI:SS'),8,0,3,null);
Insert into BTEAM.BOARD (ID,TITLE,CONTENT,WRITER,WRITEDATE,READCNT,READ_HEART,BOARD_GROUP_ID,FILE_PATH) values (74,'123','456
','tea',to_date('2022-10-05 13:02:27','YYYY-MM-DD HH24:MI:SS'),3,0,1,null);
Insert into BTEAM.BOARD (ID,TITLE,CONTENT,WRITER,WRITEDATE,READCNT,READ_HEART,BOARD_GROUP_ID,FILE_PATH) values (27,'싸찐톄쓰트','ㅁㅁㅁㅁ','dara',to_date('2022-09-22 21:59:44','YYYY-MM-DD HH24:MI:SS'),0,0,1,null);
Insert into BTEAM.BOARD (ID,TITLE,CONTENT,WRITER,WRITEDATE,READCNT,READ_HEART,BOARD_GROUP_ID,FILE_PATH) values (75,'43434sdfafafda','34534435111asdfdas','tea',to_date('2022-10-05 13:05:53','YYYY-MM-DD HH24:MI:SS'),16,0,1,null);
Insert into BTEAM.BOARD (ID,TITLE,CONTENT,WRITER,WRITEDATE,READCNT,READ_HEART,BOARD_GROUP_ID,FILE_PATH) values (108,'앗녕','너네는 몇살이냐','jyp',to_date('2022-10-20 10:15:27','YYYY-MM-DD HH24:MI:SS'),16,0,1,null);
REM INSERTING into BTEAM.BOARD_COMMENT
SET DEFINE OFF;
Insert into BTEAM.BOARD_COMMENT (ID,CONTENT,WRITER,WRITEDATE,BOARD_ID) values (80,'헬로!','dara',to_date('2022-10-08 15:58:12','YYYY-MM-DD HH24:MI:SS'),15);
Insert into BTEAM.BOARD_COMMENT (ID,CONTENT,WRITER,WRITEDATE,BOARD_ID) values (40,'20220930 TEst','gana',to_date('2022-09-30 09:49:41','YYYY-MM-DD HH24:MI:SS'),15);
Insert into BTEAM.BOARD_COMMENT (ID,CONTENT,WRITER,WRITEDATE,BOARD_ID) values (62,'ㅍ호ㅗㅗ','stu1',to_date('2022-10-05 17:22:47','YYYY-MM-DD HH24:MI:SS'),76);
Insert into BTEAM.BOARD_COMMENT (ID,CONTENT,WRITER,WRITEDATE,BOARD_ID) values (106,'유튜브에서??ㅋㅋㅋ볼수있어 다시보러갈래!!!','dara',to_date('2022-10-24 19:38:11','YYYY-MM-DD HH24:MI:SS'),90);
Insert into BTEAM.BOARD_COMMENT (ID,CONTENT,WRITER,WRITEDATE,BOARD_ID) values (87,'다라야 댓글 써라 빨리빨리','jyp',to_date('2022-10-18 17:38:55','YYYY-MM-DD HH24:MI:SS'),92);
Insert into BTEAM.BOARD_COMMENT (ID,CONTENT,WRITER,WRITEDATE,BOARD_ID) values (104,'안녕!!!!','dara',to_date('2022-10-22 20:43:44','YYYY-MM-DD HH24:MI:SS'),110);
Insert into BTEAM.BOARD_COMMENT (ID,CONTENT,WRITER,WRITEDATE,BOARD_ID) values (95,'WoW','dara',to_date('2022-10-19 21:56:25','YYYY-MM-DD HH24:MI:SS'),104);
Insert into BTEAM.BOARD_COMMENT (ID,CONTENT,WRITER,WRITEDATE,BOARD_ID) values (105,'다라야 내 메시지 좀 봐라','gana',to_date('2022-10-22 20:44:07','YYYY-MM-DD HH24:MI:SS'),110);
Insert into BTEAM.BOARD_COMMENT (ID,CONTENT,WRITER,WRITEDATE,BOARD_ID) values (112,'dara','dara',to_date('2022-10-27 14:58:41','YYYY-MM-DD HH24:MI:SS'),98);
Insert into BTEAM.BOARD_COMMENT (ID,CONTENT,WRITER,WRITEDATE,BOARD_ID) values (122,'웅그래아아양','dara',to_date('2022-10-28 15:41:50','YYYY-MM-DD HH24:MI:SS'),110);
Insert into BTEAM.BOARD_COMMENT (ID,CONTENT,WRITER,WRITEDATE,BOARD_ID) values (48,'가나다라마바사 ','maba',to_date('2022-09-30 12:07:24','YYYY-MM-DD HH24:MI:SS'),68);
Insert into BTEAM.BOARD_COMMENT (ID,CONTENT,WRITER,WRITEDATE,BOARD_ID) values (94,'today oneto','dara',to_date('2022-10-19 20:11:42','YYYY-MM-DD HH24:MI:SS'),80);
Insert into BTEAM.BOARD_COMMENT (ID,CONTENT,WRITER,WRITEDATE,BOARD_ID) values (102,'우와 진짜 넘 귀엽다ㅠㅠ','jyp',to_date('2022-10-22 12:13:14','YYYY-MM-DD HH24:MI:SS'),90);
Insert into BTEAM.BOARD_COMMENT (ID,CONTENT,WRITER,WRITEDATE,BOARD_ID) values (103,'어디서 봐?','jyp',to_date('2022-10-22 12:13:22','YYYY-MM-DD HH24:MI:SS'),90);
Insert into BTEAM.BOARD_COMMENT (ID,CONTENT,WRITER,WRITEDATE,BOARD_ID) values (60,'21065156','tea',to_date('2022-10-05 13:05:24','YYYY-MM-DD HH24:MI:SS'),75);
Insert into BTEAM.BOARD_COMMENT (ID,CONTENT,WRITER,WRITEDATE,BOARD_ID) values (66,'aaaaaalllll','dara',to_date('2022-10-06 16:25:03','YYYY-MM-DD HH24:MI:SS'),15);
Insert into BTEAM.BOARD_COMMENT (ID,CONTENT,WRITER,WRITEDATE,BOARD_ID) values (75,'ghjkl','dara',to_date('2022-10-07 16:15:13','YYYY-MM-DD HH24:MI:SS'),15);
Insert into BTEAM.BOARD_COMMENT (ID,CONTENT,WRITER,WRITEDATE,BOARD_ID) values (76,'1111111','dara',to_date('2022-10-07 16:19:00','YYYY-MM-DD HH24:MI:SS'),15);
Insert into BTEAM.BOARD_COMMENT (ID,CONTENT,WRITER,WRITEDATE,BOARD_ID) values (77,'123123','dara',to_date('2022-10-07 16:19:27','YYYY-MM-DD HH24:MI:SS'),64);
Insert into BTEAM.BOARD_COMMENT (ID,CONTENT,WRITER,WRITEDATE,BOARD_ID) values (88,'댓글 ㅋㅋㅋㅋㅋ','dara',to_date('2022-10-18 22:18:49','YYYY-MM-DD HH24:MI:SS'),92);
Insert into BTEAM.BOARD_COMMENT (ID,CONTENT,WRITER,WRITEDATE,BOARD_ID) values (81,'asdf','dara',to_date('2022-10-08 18:44:04','YYYY-MM-DD HH24:MI:SS'),15);
Insert into BTEAM.BOARD_COMMENT (ID,CONTENT,WRITER,WRITEDATE,BOARD_ID) values (86,'글을 써주세요','jyp',to_date('2022-10-18 17:38:28','YYYY-MM-DD HH24:MI:SS'),77);
Insert into BTEAM.BOARD_COMMENT (ID,CONTENT,WRITER,WRITEDATE,BOARD_ID) values (38,'가가가','gana',to_date('2022-09-29 21:56:16','YYYY-MM-DD HH24:MI:SS'),41);
Insert into BTEAM.BOARD_COMMENT (ID,CONTENT,WRITER,WRITEDATE,BOARD_ID) values (99,'여기는 벨이 안보이는데 왜 가상기기는 보일까요??','dara',to_date('2022-10-20 09:37:56','YYYY-MM-DD HH24:MI:SS'),97);
Insert into BTEAM.BOARD_COMMENT (ID,CONTENT,WRITER,WRITEDATE,BOARD_ID) values (124,'나라도해야지 좋아좋아','dara',to_date('2022-10-31 01:46:26','YYYY-MM-DD HH24:MI:SS'),111);
REM INSERTING into BTEAM.BOARD_FILE
SET DEFINE OFF;
Insert into BTEAM.BOARD_FILE (ID,BOARD_ID,FILENAME,FILEPATH) values (10,68,'board.png','http://121.147.215.12:3303/bteam/upload/andboard/2022/09/29/16a1a17f-5576-43e3-b15a-7a6e01e2f5b5_board.png');
Insert into BTEAM.BOARD_FILE (ID,BOARD_ID,FILENAME,FILEPATH) values (7,64,'test.jpg','http://121.147.215.12:3303/bteam/upload/andboard/2022/09/29/ba52c842-1647-4ed2-b734-9ec249a530ef_test.jpg');
Insert into BTEAM.BOARD_FILE (ID,BOARD_ID,FILENAME,FILEPATH) values (15,78,'board.png','http://121.147.215.12:3303/bteam/upload/andboard/2022/10/05/08b1d5db-4d0e-466c-b80f-fb58dbf02b6f_board.png');
Insert into BTEAM.BOARD_FILE (ID,BOARD_ID,FILENAME,FILEPATH) values (20,90,'호두마루.jpg','http://121.147.215.12:3303/bteam/upload/board/2022/10/17/4648cc93-5959-406d-8b61-8419503a8a6b_호두마루.jpg');
Insert into BTEAM.BOARD_FILE (ID,BOARD_ID,FILENAME,FILEPATH) values (31,101,'닭.jpg','http://192.168.0.58/bteam/upload/board/2022/10/19/ef5826e2-8275-4202-ad8f-4c943620aa55_닭.jpg');
Insert into BTEAM.BOARD_FILE (ID,BOARD_ID,FILENAME,FILEPATH) values (25,92,'christmas2.png','http://192.168.0.58/bteam/upload/board/2022/10/18/7747fefb-19c2-4f86-b2dd-d6d5d44854c8_christmas2.png');
Insert into BTEAM.BOARD_FILE (ID,BOARD_ID,FILENAME,FILEPATH) values (11,69,'board.png','http://121.147.215.12:3303/bteam/upload/andboard/2022/09/30/78f7b838-1f22-470d-8718-ef0e13504ed3_board.png');
Insert into BTEAM.BOARD_FILE (ID,BOARD_ID,FILENAME,FILEPATH) values (13,72,'board.png','http://121.147.215.12:3303/bteam/upload/andboard/2022/10/04/60f9c9d5-0675-40a7-8511-910bdda85520_board.png');
Insert into BTEAM.BOARD_FILE (ID,BOARD_ID,FILENAME,FILEPATH) values (26,98,'board.png','http://121.147.215.12:3303/bteam/upload/andboard/2022/10/19/584ecc52-51b9-4851-827f-55e27a8fbf74_board.png');
Insert into BTEAM.BOARD_FILE (ID,BOARD_ID,FILENAME,FILEPATH) values (34,104,'Bteam1.png','http://121.147.215.12:3303/bteam/upload/board/2022/10/19/a651ccdd-0e0a-475f-8d5a-1c77a790f469_Bteam1.png');
Insert into BTEAM.BOARD_FILE (ID,BOARD_ID,FILENAME,FILEPATH) values (40,110,'schoolpost.jpg','http://192.168.0.58/bteam/upload/andboard/2022/10/22/fb26701b-af6a-4e38-9a3e-dbbb577f9d34_schoolpost.jpg');
Insert into BTEAM.BOARD_FILE (ID,BOARD_ID,FILENAME,FILEPATH) values (54,107,'schoolpost.jpg','http://121.147.215.12:3303/bteam/upload/andboard/2022/10/27/6ca7f9b4-2286-4e1f-b47e-48023f7fe3ce_schoolpost.jpg');
Insert into BTEAM.BOARD_FILE (ID,BOARD_ID,FILENAME,FILEPATH) values (16,81,'board.png','http://121.147.215.12:3303/bteam/upload/andboard/2022/10/06/c145e8ad-8629-4d49-b32d-1d28ff19b328_board.png');
Insert into BTEAM.BOARD_FILE (ID,BOARD_ID,FILENAME,FILEPATH) values (12,70,'board.png','http://121.147.215.12:3303//bteam/upload/andboard/2022/09/30/a5c143c1-31f6-41f5-bd0a-e1ebabdace4e_board.png');
Insert into BTEAM.BOARD_FILE (ID,BOARD_ID,FILENAME,FILEPATH) values (14,73,'board.png','http://192.168.0.119:81/bteam/upload/andboard/2022/10/05/dfa8a663-4f23-4c6d-b648-51155075980e_board.png');
Insert into BTEAM.BOARD_FILE (ID,BOARD_ID,FILENAME,FILEPATH) values (41,111,'schoolpost.jpg','http://121.147.215.12:3303/bteam/upload/andboard/2022/10/26/8f795ccd-2661-4257-be4f-981143037d54_schoolpost.jpg');
Insert into BTEAM.BOARD_FILE (ID,BOARD_ID,FILENAME,FILEPATH) values (106,154,'schoolpost.jpg','http://192.168.0.58/bteam/upload/andboard/2022/11/02/9dbabb4f-98da-4a04-b815-740cac071203_schoolpost.jpg');
Insert into BTEAM.BOARD_FILE (ID,BOARD_ID,FILENAME,FILEPATH) values (18,86,'board.png','http://192.168.0.119:81/bteam/upload/andboard/2022/10/08/9b81cad2-6487-487d-8ca9-eedc353ff585_board.png');
Insert into BTEAM.BOARD_FILE (ID,BOARD_ID,FILENAME,FILEPATH) values (37,108,'christmas3.png','http://192.168.0.58/bteam/upload/board/2022/10/20/6d4d7e13-2e7c-4fa3-8bca-0c5f6b263dc4_christmas3.png');
REM INSERTING into BTEAM.BOARD_GROUP
SET DEFINE OFF;
Insert into BTEAM.BOARD_GROUP (BOARD_GROUP_ID,BOARD_NAME) values (1,'자유게시판');
Insert into BTEAM.BOARD_GROUP (BOARD_GROUP_ID,BOARD_NAME) values (2,'공부게시판');
Insert into BTEAM.BOARD_GROUP (BOARD_GROUP_ID,BOARD_NAME) values (3,'관심게시판');
Insert into BTEAM.BOARD_GROUP (BOARD_GROUP_ID,BOARD_NAME) values (4,'고민게시판');
REM INSERTING into BTEAM.BOOK
SET DEFINE OFF;
Insert into BTEAM.BOOK (TITLE,CREATOR,REGDATE,COLLECTIONDB,DESCRIPTION,RIGHTS,LANGUAGE,EXTENT,REFERENCEIDENTIFIER,URL) values ('걱정도 습관이다','홈페이지','2020-08-09 00:27:03','추천도서_청소년권장도서','우리가 습관성 걱정에서 빠져나오지 못하는 이유에 대해서 설명하는 가운데, 머릿속을 꽉 채운 복잡한 걱정을 깨끗이 헹궈내고 강한 정신력의 소유자로 재탄생하기 위한 지침을 생생한 사례와 함께 제시하고 있다.','최명기','Kor','272','http://www.kpipa.or.kr/upload/201412/49519.1829111524720141201095300.jpg','http://www.kpipa.or.kr/info/recommYouthBookInfo.do?board_id=36&article_id=23127&book_info_id=7');
Insert into BTEAM.BOOK (TITLE,CREATOR,REGDATE,COLLECTIONDB,DESCRIPTION,RIGHTS,LANGUAGE,EXTENT,REFERENCEIDENTIFIER,URL) values ('슈퍼댁 씨름 대회 출전기','홈페이지','2020-08-09 00:27:03','추천도서_청소년권장도서','김치 냉장고를 타야겠다는 일념으로‘전국 여자 천하장사 씨름 대회’에 출전하는 성북동 장사슈퍼, 슈퍼댁의 이야기. 판소리꾼인 ‘또랑광대’ 김명자의 창작 판소리를 텍스트로 삼아 탄생한 책으로 창작 판소리의 해학과 멋을 만나볼 수 있다.','김명자 글, 최미란 그림','Kor','58','http://www.kpipa.or.kr/upload/201412/34057.9906492032820141201095449.jpg','http://www.kpipa.or.kr/info/recommYouthBookInfo.do?board_id=36&article_id=23127&book_info_id=9');
Insert into BTEAM.BOOK (TITLE,CREATOR,REGDATE,COLLECTIONDB,DESCRIPTION,RIGHTS,LANGUAGE,EXTENT,REFERENCEIDENTIFIER,URL) values ('악당의 무게','홈페이지','2020-08-09 00:27:03','추천도서_청소년권장도서','한 소년이 도시의 숲에서 들개를 만나면서 겪게 되는 현실의 문제를 가슴 뭉클하게 그린 작품이다. 우리가 사는 세상에 생명들은 다 저마다의 무게가 있음과, 더불어 사는 삶의 소중함과 함께 전하고 있다. ','이현 글, 오윤화 그림','Kor','180','http://www.kpipa.or.kr/upload/201412/90795.8591903199120141201095400.jpg','http://www.kpipa.or.kr/info/recommYouthBookInfo.do?board_id=36&article_id=23127&book_info_id=8');
Insert into BTEAM.BOOK (TITLE,CREATOR,REGDATE,COLLECTIONDB,DESCRIPTION,RIGHTS,LANGUAGE,EXTENT,REFERENCEIDENTIFIER,URL) values ('아빠, 경영학이 뭐예요?','홈페이지','2020-08-09 00:27:03','추천도서_청소년권장도서','중학교 입학을 앞둔 미래와 경영자문회사 임원인 아빠, 전업주부인 엄마가 경영 전반에 대해 대화를 나누는 형식으로 구성되었다. 경영학의 정의, 기업의 목적과 책임, 자본과 기업활동, 브랜드와 마케팅, 생산과 유통, 조직과 인적자원 관리, 자기경영 등 경영에 대한 모든 것에 대해 쉽게 이해할 수 있다.','심윤섭','Kor','186','http://www.kpipa.or.kr/upload/book/KP0063/1384146735061_5029.jpg','http://www.kpipa.or.kr/info/recommYouthBookInfo.do?board_id=36&article_id=5029&book_info_id=6');
Insert into BTEAM.BOOK (TITLE,CREATOR,REGDATE,COLLECTIONDB,DESCRIPTION,RIGHTS,LANGUAGE,EXTENT,REFERENCEIDENTIFIER,URL) values ('젊은 날의 대한민국','홈페이지','2020-08-09 00:27:03','추천도서_청소년권장도서',' 1960~70년대 대한민국의 산업화와 경제발전을 이끌어 온 당시 청년들의 이야기를 2015년을 살고 있는 오늘날의 청년들이 귀담아 듣고 엮은 책이다. 전쟁의 상흔 속에서도 고속도로를 놓고 제철소를 세우며, 근·현대화 운동을 펼치며 ‘가난''을 극복하고자 했던 평범한 영웅들을 조명한다. ','신보라, 이철훈 외 12명의 청년들','Kor','340','http://www.kpipa.or.kr/upload/201509/25368.71473757191820150930152831.jpg','http://www.kpipa.or.kr/info/recommYouthBookInfo.do?board_id=36&article_id=42851&book_info_id=6');
Insert into BTEAM.BOOK (TITLE,CREATOR,REGDATE,COLLECTIONDB,DESCRIPTION,RIGHTS,LANGUAGE,EXTENT,REFERENCEIDENTIFIER,URL) values ('뇌를 바꾼 공학, 공학을 바꾼 뇌','홈페이지','2020-08-09 00:27:03','추천도서_청소년권장도서',' 뇌공학은 인간 뇌의 비밀을 풀고 뇌질환을 정복하는 열쇠를 쥐고 있다. 이 책은 소설이나 영화 속 먼 미래의 뜬구름 잡는 이야기들이 아니라, 바로 지금 세계의 뇌공학자들과 과학자들 이 어떻게 무슨 연구를 진행하고 있는지, 가장 최신의 이슈는 무엇인지 생생하게 보여준다. ','임창환 ','Kor','256','http://www.kpipa.or.kr/upload/201509/30932.397286445920150930152911.jpg','http://www.kpipa.or.kr/info/recommYouthBookInfo.do?board_id=36&article_id=42851&book_info_id=7');
Insert into BTEAM.BOOK (TITLE,CREATOR,REGDATE,COLLECTIONDB,DESCRIPTION,RIGHTS,LANGUAGE,EXTENT,REFERENCEIDENTIFIER,URL) values ('엄마와 선생님만 모르는 10대 생활 백서','홈페이지','2020-08-09 00:27:03','추천도서_청소년권장도서',' 어른들에게는 10대를 속 깊이 이해할 수 있는 참고서로, 아이들에게는 그들의 눈높이에서 고민을 해결해주는 지침서로 활용될 수 있다. 전국의 중․고교를 대상으로 한 수많은 상담 사례를 토대로 만들어졌다. 고민에 대한 솔루션은 철저하게 아이들의 눈높이에 맞춘 것이다. ','이창욱, 신유진, 조은지','Kor','304','http://www.kpipa.or.kr/upload/201509/33942.5566878518320150930153018.jpg','http://www.kpipa.or.kr/info/recommYouthBookInfo.do?board_id=36&article_id=42851&book_info_id=8');
Insert into BTEAM.BOOK (TITLE,CREATOR,REGDATE,COLLECTIONDB,DESCRIPTION,RIGHTS,LANGUAGE,EXTENT,REFERENCEIDENTIFIER,URL) values ('제술관 따라 하루하루 펼쳐보는 조선통신사 여행길','홈페이지','2020-08-09 00:27:03','추천도서_청소년권장도서','조선 숙종 45년(1719년) 조선통신사의 일원으로 일본에 다녀온 제술관 신유한의 기록을 바탕으로 조선통신사의 목적과 인적구성뿐 아니라 그들의 발길이 닿았던 일본 곳곳의 지역에 대한 소개와 문화 교류의 흔적을 찾아 소개한다.','이기범 외 글, 한용욱 그림','Kor','48','http://www.kpipa.or.kr/upload/201311/65464.4081403410820131118153400.jpg','http://www.kpipa.or.kr/info/recommYouthBookInfo.do?board_id=36&article_id=9411&book_info_id=3');
Insert into BTEAM.BOOK (TITLE,CREATOR,REGDATE,COLLECTIONDB,DESCRIPTION,RIGHTS,LANGUAGE,EXTENT,REFERENCEIDENTIFIER,URL) values ('신흥대국 중국과 동북공정(만화세계대역사 50사건 42)','홈페이지','2020-08-09 00:27:03','추천도서_청소년권장도서','<세계 석학들이 뽑은 만화 세계대역사 50사건> 시리즈의 42번째 책으로 중국 청나라의 건국과 성장, 몰락에 이르는 역사와 다민족을 바탕으로 새로운 중국을 건설하는 과정에서 나타난 동북공정의 역사왜곡에 대하여 이야기 한다.','김대현 글, 정윤채 그림','Kor','212','http://www.kpipa.or.kr/upload/201311/29767.13507050787720131118153447.jpg','http://www.kpipa.or.kr/info/recommYouthBookInfo.do?board_id=36&article_id=9411&book_info_id=4');
Insert into BTEAM.BOOK (TITLE,CREATOR,REGDATE,COLLECTIONDB,DESCRIPTION,RIGHTS,LANGUAGE,EXTENT,REFERENCEIDENTIFIER,URL) values ('정글 전쟁','홈페이지','2020-08-09 00:27:04','추천도서_청소년권장도서',' <헝거 게임> 작가의 자전적 그림책. 저자의 내면에 아로새겨진 공포와 가족, 사랑에 대한 기억을 그림으로 담아냈다. ‘신나고 행복한 정글, 걱정 가득한 정글, 혼란에 찬 정글, 무서운 정글’등 네 가지 정글 풍경은 근심, 슬픔, 두려움 같은 감정을 상징적으로 표현한 것이다. 무겁고 어려운 주제를 쉽고 따뜻하게 그려냈다.','수잔 콜린스 글, 제임스 프로이모스 그림/ 강하나','Kor','40','http://www.kpipa.or.kr/upload/201509/8853.39652169022720150930153122.jpg','http://www.kpipa.or.kr/info/recommYouthBookInfo.do?board_id=36&article_id=42851&book_info_id=9');
Insert into BTEAM.BOOK (TITLE,CREATOR,REGDATE,COLLECTIONDB,DESCRIPTION,RIGHTS,LANGUAGE,EXTENT,REFERENCEIDENTIFIER,URL) values ('로보스케이프: 로봇, 인공지능, 미래사회  ','홈페이지','2020-08-09 00:27:04','추천도서_청소년권장도서','로봇이 가져다 줄 긍정적인 영향과 부정적인 영향 등 현재 제기되는 문제가 무엇인지 파악하고 로봇과 공존하기 위해 필요한 자세가 무엇인지 살펴보고 있다. 각 분야 전문가 12인의 이야기를 들어보고 앞으로 닥칠 더 큰 변화를 어떻게 지혜롭게 맞이할지를 함께 생각해 볼 수 있다. ','김기홍 외 ','Kor','274','http://www.kpipa.or.kr/upload/201702/16231.70085882423920170228121437.jpg','http://www.kpipa.or.kr/info/recommYouthBookInfo.do?board_id=36&article_id=63060&book_info_id=5');
Insert into BTEAM.BOOK (TITLE,CREATOR,REGDATE,COLLECTIONDB,DESCRIPTION,RIGHTS,LANGUAGE,EXTENT,REFERENCEIDENTIFIER,URL) values ('국제조약, 알면 뉴스가 들려요 ','홈페이지','2020-08-09 00:27:04','추천도서_청소년권장도서',' 정보를 담은 그림과 만화를 활용한 어린이 교양도서. 국제조약이 무엇인지, 언제부터 어떤 조약이 있었는지, 그 내용은 무엇이며 우리가 왜 알아야 하는지를 다룬다. 생활과 직결된 국제조약 20가지를 엄선하여 분야별로 설명하고 있으며, 국제조약의 불평등 부분까지 모두 다루었다.','김향금 글, 김소희 그림 ','Kor','124','http://www.kpipa.or.kr/upload/201702/87113.8748760563520170228121604.jpg','http://www.kpipa.or.kr/info/recommYouthBookInfo.do?board_id=36&article_id=63060&book_info_id=6');
Insert into BTEAM.BOOK (TITLE,CREATOR,REGDATE,COLLECTIONDB,DESCRIPTION,RIGHTS,LANGUAGE,EXTENT,REFERENCEIDENTIFIER,URL) values ('청춘, 국제기구에 거침없이 도전하라','홈페이지','2020-08-09 00:27:05','추천도서_청소년권장도서','외교관인 저자가 국제기구 진출을 위한 사전 준비부터 입성까지 실무자들의 생생한 이야기를 소개하고, 국제기구의 진정한 역할과 가치를 알려주어 후배들이 자부심을 갖고 일할 수 있도록 이끄는 책이다.','김효은','Kor','336','http://www.kpipa.or.kr/upload/201311/27855.23392787766420131118153533.jpg','http://www.kpipa.or.kr/info/recommYouthBookInfo.do?board_id=36&article_id=9411&book_info_id=5');
Insert into BTEAM.BOOK (TITLE,CREATOR,REGDATE,COLLECTIONDB,DESCRIPTION,RIGHTS,LANGUAGE,EXTENT,REFERENCEIDENTIFIER,URL) values ('성 평등하다는 것','홈페이지','2020-08-09 00:27:05','추천도서_청소년권장도서','초·중학생을 대상으로 성차별이 우리 사회와 민주주의에 끼치는 악영향을 살펴본 책으로 직업에서의 성차별, 성격과 외모, 불평등이 숨어 있는 말, 군대와 군 가산점 등 폭넓은 주제를 다뤘다. ','홍승희','Kor','112','http://www.kpipa.or.kr/upload/201311/66474.0825979398420131118153616.jpg','http://www.kpipa.or.kr/info/recommYouthBookInfo.do?board_id=36&article_id=9411&book_info_id=6');
Insert into BTEAM.BOOK (TITLE,CREATOR,REGDATE,COLLECTIONDB,DESCRIPTION,RIGHTS,LANGUAGE,EXTENT,REFERENCEIDENTIFIER,URL) values ('생각 정리 공부법','홈페이지','2020-08-09 00:27:06','추천도서_청소년권장도서','  2016년 자유학기제 전면 시행에 대비하여 읽기, 쓰기, 말하기를 연계한 독후활동을 제안한다. 책을 싫어하는 아이, 글쓰기에 스트레스를 받는 아이, 자기 생각 표현하기를 두려워하는 아이들이 독후활동을 통해 어떻게 달라졌는지 스토리텔링 형식으로 풀어냈다.','김민영, 정지연, 권선영','Kor','260','http://www.kpipa.or.kr/upload/201604/16935.3750514748120160429121149.png','http://www.kpipa.or.kr/info/recommYouthBookInfo.do?board_id=36&article_id=51735&book_info_id=6');
Insert into BTEAM.BOOK (TITLE,CREATOR,REGDATE,COLLECTIONDB,DESCRIPTION,RIGHTS,LANGUAGE,EXTENT,REFERENCEIDENTIFIER,URL) values ('나는 못난이','홈페이지','2020-08-09 00:27:07','추천도서_청소년권장도서','자연과 이웃에 관한 동시가 총 4부에 걸쳐 담겨있는 책이다. 1부에서는 어린이의 눈길로 주변 사물에 대한 감상을, 2부는 가족들의 이야기를, 3부는 산골 마을 이웃들의 삶을, 4부에서는 자연의 소중함을 노래했다.','서정홍 글, 신가영 그림','Kor','160','http://www.kpipa.or.kr/upload/book/KP0063/1384146740521_5045.jpg','http://www.kpipa.or.kr/info/recommYouthBookInfo.do?board_id=36&article_id=5045&book_info_id=10');
Insert into BTEAM.BOOK (TITLE,CREATOR,REGDATE,COLLECTIONDB,DESCRIPTION,RIGHTS,LANGUAGE,EXTENT,REFERENCEIDENTIFIER,URL) values ('검은 형제들','홈페이지','2020-08-09 00:27:07','추천도서_청소년권장도서','가난 때문에 고향 스위스를 떠나 이탈리아 밀라노로 팔려 갈 수밖에 없었던 조르지오의 이야기를 담은 책이다. 타지에서 힘겹게 굴뚝 청소부로 살아가는 조르지오의 삶이 흑백의 목판화와 더불어 펼쳐진다. 눈부신 풍요와 발전의 뒤안길에 감춰졌던 아이들의 슬픈 역사가 깊은 울림을 전한다. ','리자 테츠너 글, 한네스 빈더 그림/유혜자','Kor','148','http://www.kpipa.or.kr/upload/201612/21021.85616229569520161201130826.jpg','http://www.kpipa.or.kr/info/recommYouthBookInfo.do?board_id=36&article_id=60105&book_info_id=1');
Insert into BTEAM.BOOK (TITLE,CREATOR,REGDATE,COLLECTIONDB,DESCRIPTION,RIGHTS,LANGUAGE,EXTENT,REFERENCEIDENTIFIER,URL) values ('틈새 보이스','홈페이지','2020-08-09 00:27:07','추천도서_청소년권장도서','한 기업체에서 운영하는 인문학 서비스 사이트에 《거기까지》라는 제목으로 연재되었던 청소년 소설을 묶어 펴냈다. 하나같이 ‘평범’이라는 말과는 거리가 있어 보이는 네 명의 소년이 우연히 ‘틈새’라는 분식집에서 만나 우여곡절을 겪으며 서서히 친구가 되어가는 과정을 담담하게 보여준다. ','황선미','Kor','236','http://www.kpipa.or.kr/upload/201612/14960.83519020485820161201131005.jpg','http://www.kpipa.or.kr/info/recommYouthBookInfo.do?board_id=36&article_id=60105&book_info_id=2');
Insert into BTEAM.BOOK (TITLE,CREATOR,REGDATE,COLLECTIONDB,DESCRIPTION,RIGHTS,LANGUAGE,EXTENT,REFERENCEIDENTIFIER,URL) values ('한국의 보물선 타임캡슐을 열다','홈페이지','2020-08-09 00:27:07','추천도서_청소년권장도서','한국 수중고고학의 매력을 총망라한 책이다. 신안선 발굴 40주년을 기념하여 국립해양문화재연구소 수중발굴과 연구원들이 오랜 기간 머리를 맞대고 썼다. 신안선 보존처리만 19년, 복원 11년이 걸린 수중고고학의 지난 노력을 고스란히 엿볼 수 있다.','국립해양문화재연구소','Kor','336','http://www.kpipa.or.kr/upload/201612/55112.402472832620161201131150.jpg','http://www.kpipa.or.kr/info/recommYouthBookInfo.do?board_id=36&article_id=60105&book_info_id=3');
Insert into BTEAM.BOOK (TITLE,CREATOR,REGDATE,COLLECTIONDB,DESCRIPTION,RIGHTS,LANGUAGE,EXTENT,REFERENCEIDENTIFIER,URL) values ('까칠한 재석이가 달라졌다','홈페이지','2020-08-09 00:27:04','추천도서_청소년권장도서','  주인공 재석이와 친구들이 사이버 테러를 당한 여학생을 도와주기 위해 활약하는 내용의 청소년 소설로, ‘외모지상주의’가 만연한 세상 속에서 정말 중요한 것은 자기다움을 잃지 않는 것, 자기 개성을 표현하는 것임을 깨달아가는 과정이 생생하게 그려진다.','고정욱','Kor','224','http://www.kpipa.or.kr/upload/201510/26418.42455784044820151029152730.jpg','http://www.kpipa.or.kr/info/recommYouthBookInfo.do?board_id=36&article_id=43347&book_info_id=1');
Insert into BTEAM.BOOK (TITLE,CREATOR,REGDATE,COLLECTIONDB,DESCRIPTION,RIGHTS,LANGUAGE,EXTENT,REFERENCEIDENTIFIER,URL) values ('왜, 그리스 신화를 읽어야 하나요?  ','홈페이지','2020-08-09 00:27:04','추천도서_청소년권장도서','서양 문화를 이해하는 키워드로서 그리스 신화를 청소년들을 위해 쉽고 재미있게 풀어낸 책이다. 10가지 신화 이야기는 책을 읽는 독자들에게 그리스 신화에 대한 접근성과 이해도를 높이도록 도와준다. 본문 곳곳에 삽화를 수록하여, 시각적으로도 책을 즐겁게 읽을 수 있도록 했다. ','이상기','Kor','240','http://www.kpipa.or.kr/upload/201702/53548.86761210122520170228121302.jpg','http://www.kpipa.or.kr/info/recommYouthBookInfo.do?board_id=36&article_id=63060&book_info_id=4');
Insert into BTEAM.BOOK (TITLE,CREATOR,REGDATE,COLLECTIONDB,DESCRIPTION,RIGHTS,LANGUAGE,EXTENT,REFERENCEIDENTIFIER,URL) values ('역사 선생님이 들려주는 친절한 동아시아사','홈페이지','2020-08-09 00:27:07','추천도서_청소년권장도서','전국역사교사모임 선생님들이 쓴 청소년들을 위한 동아시아사 입문서. 오랫동안 동아시아사를 탐구한 저자들은 동아시아의 과거 역사는 어떠했는지, 국가 간 갈등은 왜 생겼는지, 이 갈등을 해결하고 평화를 이룰 방법은 무엇인지 질문을 던지고 해결의 실마리를 찾는다. ','전국역사교사모임 ','Kor','256','http://www.kpipa.or.kr/upload/201704/87023.582797747220170427114424.jpg','http://www.kpipa.or.kr/info/recommYouthBookInfo.do?board_id=36&article_id=67122&book_info_id=3');
Insert into BTEAM.BOOK (TITLE,CREATOR,REGDATE,COLLECTIONDB,DESCRIPTION,RIGHTS,LANGUAGE,EXTENT,REFERENCEIDENTIFIER,URL) values ('어울림 토론 잠자는 교실을 깨우다 ','홈페이지','2020-08-09 00:27:07','추천도서_청소년권장도서','어울림 토론(승패가 아닌 화합을 목적으로 한)을 통해 기를 수 있는 다섯 가지 종합적 사고력의 비밀, 교실과 가정에서 활용할 수 있는 어울림 토론의 진행과정을 실제 사례와 함께 자세히 다루고 있어 토론 수업 준비를 하는 교사와 청소년이 함께 참고할 만하다.','이순오','Kor','296','http://www.kpipa.or.kr/upload/201704/6953.21061697291620170427114555.jpg','http://www.kpipa.or.kr/info/recommYouthBookInfo.do?board_id=36&article_id=67122&book_info_id=4');
Insert into BTEAM.BOOK (TITLE,CREATOR,REGDATE,COLLECTIONDB,DESCRIPTION,RIGHTS,LANGUAGE,EXTENT,REFERENCEIDENTIFIER,URL) values ('이랑주의 마음을 팝니다','홈페이지','2020-08-09 00:27:08','추천도서_청소년권장도서','상품을 돋보이게 하는 전시와 진열 방식 비주얼 머천다이징(VMD) 전문가인 저자가 그간 전통 시장을 VMD하며 겪은 일화와 노하우를 ‘마음 경영’이라는 자신만의 철학으로 풀어낸다. 여러 소상공인을 만나며 체득한 사업 비법, 컨설팅을 하러 갔다가 도리어 상인에게 한 수 배운 경험 등을 32가지 이야기가 담겨 있다.','이랑주','Kor','259','http://www.kpipa.or.kr/upload/book/KP0063/1384146736652_5034.jpg','http://www.kpipa.or.kr/info/recommYouthBookInfo.do?board_id=36&article_id=5034&book_info_id=6');
Insert into BTEAM.BOOK (TITLE,CREATOR,REGDATE,COLLECTIONDB,DESCRIPTION,RIGHTS,LANGUAGE,EXTENT,REFERENCEIDENTIFIER,URL) values ('자연은 위대한 스승이다','홈페이지','2020-08-09 00:27:08','추천도서_청소년권장도서','연약하지만 강력한 거미줄의 위력, 연잎 표면의 과학, 얼룩말의 무늬에 숨겨진 통풍 효과, 흰개미집의 놀라운 환기 시스템 등 인류 역사를 통틀어 자연에서 새로운 가치를 발견하고 해답을 찾는 자연중심 기술로 여겨질 만한 사례를 되짚어보며 자연과 인간이 공존하는 새로운 과학의 패러다임에 대해 이야기한다.','이인식','Kor','301','http://www.kpipa.or.kr/upload/book/KP0063/1384146736715_5034.jpg','http://www.kpipa.or.kr/info/recommYouthBookInfo.do?board_id=36&article_id=5034&book_info_id=7');
Insert into BTEAM.BOOK (TITLE,CREATOR,REGDATE,COLLECTIONDB,DESCRIPTION,RIGHTS,LANGUAGE,EXTENT,REFERENCEIDENTIFIER,URL) values ('아리와 랑이, 우주로 출발! ','홈페이지','2020-08-09 00:27:09','추천도서_청소년권장도서',' 「융합과학 이야기」시리즈. 어린이 우주 탐사 대원으로 뽑힌 아리와 랑이가 우주 탐사를 떠나서 신비로운 우주에 대한 다양한 융합 지식을 배운다. 단순히 과학원리만 알려주는 것이 아니라, 과학이 우리 생활과 얼마나 밀접한지 깨닫게 한다. ','김유리 글, 김영진 그림 ','Kor','112','http://www.kpipa.or.kr/upload/201702/28302.61665567772420170228121721.jpg','http://www.kpipa.or.kr/info/recommYouthBookInfo.do?board_id=36&article_id=63060&book_info_id=7');
Insert into BTEAM.BOOK (TITLE,CREATOR,REGDATE,COLLECTIONDB,DESCRIPTION,RIGHTS,LANGUAGE,EXTENT,REFERENCEIDENTIFIER,URL) values ('손잡이 달린 강아지','홈페이지','2020-08-09 00:27:10','추천도서_청소년권장도서','  자신만의 강아지를 키우고 싶어 하는 평범한 열 살 소녀 젤리를 통해 3대가 함께하는 따뜻한 가족애와 살아 있는 생명에 대한 책임감, 친구들 사이의 갈등과 우정을 유머러스하면서도 감동적으로 그리고 있다. 또한 주인공 젤리를 중심으로 부모와 조부모, 또래 관계를 사실적으로 보여 준다. ','에리카 S. 펄/지은정','Kor','368','http://www.kpipa.or.kr/upload/201609/40419.49868387358620160930172923.png','http://www.kpipa.or.kr/info/recommYouthBookInfo.do?board_id=36&article_id=58594&book_info_id=10');
Insert into BTEAM.BOOK (TITLE,CREATOR,REGDATE,COLLECTIONDB,DESCRIPTION,RIGHTS,LANGUAGE,EXTENT,REFERENCEIDENTIFIER,URL) values ('엘리베이터','홈페이지','2020-08-09 00:27:11','추천도서_청소년권장도서',' 공룡과 이웃과 엘리베이터, 세 가지 요소를 결합시킨 그림책. 위아래로 움직이는 작은 공간, 엘리베이터 안에서 모든 이야기가 시작하고 끝난다. 도서관에 책을 반납하기 위해 아파트 엘리베이터를 탄 어린 여자아이 윤아의 상상으로 한순간 엘리베이터는 공룡들의 무대로 탈바꿈한다. ','경혜원','Kor','48','http://www.kpipa.or.kr/upload/201610/15286.94312342001620161031154349.png','http://www.kpipa.or.kr/info/recommYouthBookInfo.do?board_id=36&article_id=59697&book_info_id=9');
Insert into BTEAM.BOOK (TITLE,CREATOR,REGDATE,COLLECTIONDB,DESCRIPTION,RIGHTS,LANGUAGE,EXTENT,REFERENCEIDENTIFIER,URL) values ('나는 대학에 가지 않았다','홈페이지','2020-08-09 00:27:12','추천도서_청소년권장도서','규정된 굴레를 벗어나 자신만의 길을 걸어온 고졸 청년들의 이야기를 담은 책이다. 저마다 제도 교육에서 받은 상처를 가슴에 안고, 자신들의 꿈과 열망을 놓지 않은 채 묵묵히 땀 흘리며 걸어온 11명의 청년들이 들려주는 이야기다.','박영희','Kor','276','http://www.kpipa.or.kr/upload/book/KP0063/1384146738587_5037.jpg','http://www.kpipa.or.kr/info/recommYouthBookInfo.do?board_id=36&article_id=5037&book_info_id=9');
Insert into BTEAM.BOOK (TITLE,CREATOR,REGDATE,COLLECTIONDB,DESCRIPTION,RIGHTS,LANGUAGE,EXTENT,REFERENCEIDENTIFIER,URL) values ('괜찮아 괜찮아 욱해도 괜찮아!','홈페이지','2020-08-09 00:27:12','추천도서_청소년권장도서','욱하는 감정과 분노 때문에 힘들어하는 어린이들을 위한 책으로, 어린이들이 일상생활 속에서 쉽게 따라해 볼 수 있는 분노 조절법이 담겨 있다.','돈 휴브너/ 김선희 글, 전미화 그림','Kor','132','http://www.kpipa.or.kr/upload/book/KP0063/1384146738400_5037.jpg','http://www.kpipa.or.kr/info/recommYouthBookInfo.do?board_id=36&article_id=5037&book_info_id=8');
Insert into BTEAM.BOOK (TITLE,CREATOR,REGDATE,COLLECTIONDB,DESCRIPTION,RIGHTS,LANGUAGE,EXTENT,REFERENCEIDENTIFIER,URL) values ('엘렌의 일기','홈페이지','2020-08-09 00:27:12','추천도서_청소년권장도서','프랑스 거주 유대계 여학생 엘렌 베르가 안네의 일기가 쓰여지던 시기와 똑같은 시기에 기록해간 일기를 책으로 펴낸 것으로 나치 시절 파리의 모습이 생생하게 묘사되어 있다.','엘렌 베르/최정수','Kor','416','http://www.kpipa.or.kr/upload/book/KP0063/1384146741504_5039.jpg','http://www.kpipa.or.kr/info/recommYouthBookInfo.do?board_id=36&article_id=5039&book_info_id=1');
Insert into BTEAM.BOOK (TITLE,CREATOR,REGDATE,COLLECTIONDB,DESCRIPTION,RIGHTS,LANGUAGE,EXTENT,REFERENCEIDENTIFIER,URL) values ('수영장','홈페이지','2020-08-09 00:27:12','추천도서_청소년권장도서','말없이 이어지는 수영장의 다양한 광경을 통해 소년, 소녀, 사람들의 소란, 커다란 흰 고래 등에 대해 저마다의 상상을 할 수 있도록 이끄는 그림책이다.','이지현 글, 그림','Kor','48','http://www.kpipa.or.kr/upload/book/KP0063/1384146741676_5039.jpg','http://www.kpipa.or.kr/info/recommYouthBookInfo.do?board_id=36&article_id=5039&book_info_id=10');
Insert into BTEAM.BOOK (TITLE,CREATOR,REGDATE,COLLECTIONDB,DESCRIPTION,RIGHTS,LANGUAGE,EXTENT,REFERENCEIDENTIFIER,URL) values ('야생동물 명탐정 - 똥 싼 동물을 찾아라','홈페이지','2020-08-09 00:27:12','추천도서_청소년권장도서','똥, 발자국, 먹이 흔적을 따라가며 야생동물의 습성과 생태를 기록한 포유류 관찰 일지이다. 여우, 너구리, 삵, 멧돼지 등 우리나라와 일본에 사는 포유동물 40종의 생활 자취를 담은 ‘동물흔적도감’이다. 각종 야생동물의 생태 사진과 그림이 풍부하게 실려 있어 현장 학습교재로 활용하면 좋을 책이다.','구마가이 사토시 외/ 박인용','Kor','246','http://www.kpipa.or.kr/upload/book/KP0063/1384146735139_5029.jpg','http://www.kpipa.or.kr/info/recommYouthBookInfo.do?board_id=36&article_id=5029&book_info_id=7');
Insert into BTEAM.BOOK (TITLE,CREATOR,REGDATE,COLLECTIONDB,DESCRIPTION,RIGHTS,LANGUAGE,EXTENT,REFERENCEIDENTIFIER,URL) values ('방언정담','홈페이지','2020-08-09 00:27:12','추천도서_청소년권장도서','국어학자인 저자의 20여년에 걸친 방언 기행기로 일상에 숨은 방언학을 통해 그 안에 투영된 뿌리 깊은 편견과 문제, 놀라운 언어 감각과 지식을 발견할 수 있다.','한성우','Kor','304','http://www.kpipa.or.kr/upload/book/KP0063/1384146741644_5039.jpg','http://www.kpipa.or.kr/info/recommYouthBookInfo.do?board_id=36&article_id=5039&book_info_id=2');
Insert into BTEAM.BOOK (TITLE,CREATOR,REGDATE,COLLECTIONDB,DESCRIPTION,RIGHTS,LANGUAGE,EXTENT,REFERENCEIDENTIFIER,URL) values ('신문 속 언어지식','홈페이지','2020-08-09 00:27:12','추천도서_청소년권장도서','신문에 자주 나오는 말들을 백과사전식으로 엮은 책으로 25년째 신문사 교열기자로 일하고 있는 저자가 각각의 말들이 현재의 의미를 갖게 된 이유를 추적하는 책이다. 말의 조어(造語) 구조와 유래, 문장 오류나 어법, 말과 관련된 고전이나 역사지식 등 다양한 정보를 삽화, 사진, 일러스트와 함께 싣고 있다.','장진한','Kor','638','http://www.kpipa.or.kr/upload/book/KP0063/1384146734999_5029.jpg','http://www.kpipa.or.kr/info/recommYouthBookInfo.do?board_id=36&article_id=5029&book_info_id=8');
Insert into BTEAM.BOOK (TITLE,CREATOR,REGDATE,COLLECTIONDB,DESCRIPTION,RIGHTS,LANGUAGE,EXTENT,REFERENCEIDENTIFIER,URL) values ('한글박물관','홈페이지','2020-08-09 00:27:12','추천도서_청소년권장도서','역사적, 문화적, 언어학적 측면에서 전방위적으로 한글을 추적한 책이다. 세계 문자사의 흐름 속에서 우리글이 걸어온 길을 창제 이전의 차자 표기, 향찰과 이두, 구결문 등과 한자 사용으로 불편을 감수했던 상황, 훈민정의의 창제와 보급, 확산과 문화적 향유 과정, 그리고 구한말과 일제강점기를 지나 분단된 언어 현실까지 조명하였다.','박창원','Kor','256','http://www.kpipa.or.kr/upload/book/KP0063/1384146735186_5029.jpg','http://www.kpipa.or.kr/info/recommYouthBookInfo.do?board_id=36&article_id=5029&book_info_id=9');
Insert into BTEAM.BOOK (TITLE,CREATOR,REGDATE,COLLECTIONDB,DESCRIPTION,RIGHTS,LANGUAGE,EXTENT,REFERENCEIDENTIFIER,URL) values ('소년의 심리학','홈페이지','2020-08-09 00:27:12','추천도서_청소년권장도서','남자아이들의 심리를 소개하는 책으로 1부에서는 남자아이가 거쳐야 할 성장의 일곱 단계를 제시하고, 2부에서는 남자아이가 지녀야 할 열 가지 가치 및 일상을 보여준다. 청소년과 학부모, 교사 모두에게 도움이 될 만한 이야기를 담았다.','마이클 거리언/안진희','Kor','304','http://www.kpipa.or.kr/upload/201312/14568.9133639977720131202175328.jpg','http://www.kpipa.or.kr/info/recommYouthBookInfo.do?board_id=36&article_id=10065&book_info_id=8');
Insert into BTEAM.BOOK (TITLE,CREATOR,REGDATE,COLLECTIONDB,DESCRIPTION,RIGHTS,LANGUAGE,EXTENT,REFERENCEIDENTIFIER,URL) values ('청소년을 위한 무량수전 배흘림기둥에 기대서서(1-4)','홈페이지','2020-08-09 00:27:13','추천도서_청소년권장도서','최순우 선생의 <무량수전 배흘림기둥에 기대서서>를 청소년에게 쉽게 설명하는 4권의 시리즈로 펴냈다. 1권 <한국의 멋과 미>, 2권 <한국의 건축>, 3권 <한국의 회화>, 4권 <한국의 공예와 도자기>로 구성되어 한국의 미를 쉽게 보여준다.','최순우','Kor','176','http://www.kpipa.or.kr/upload/book/KP0063/1384146740490_5045.jpg','http://www.kpipa.or.kr/info/recommYouthBookInfo.do?board_id=36&article_id=5045&book_info_id=2');
Insert into BTEAM.BOOK (TITLE,CREATOR,REGDATE,COLLECTIONDB,DESCRIPTION,RIGHTS,LANGUAGE,EXTENT,REFERENCEIDENTIFIER,URL) values ('죽은 자들의 증언','홈페이지','2020-08-09 00:27:13','추천도서_청소년권장도서','저자의 6·25 전사자 유해발굴의 현장 경험과 그 곳에서 들은 주민과 참전 용사의 증언을 자세히 기록한 책이다. 실제 전쟁을 겪은 민초의 심정과 참혹했던 6·25 전쟁의 실상을 생생히 전하고 있다.','이용석','Kor','326','http://www.kpipa.or.kr/upload/book/KP0063/1384146740396_5045.jpg','http://www.kpipa.or.kr/info/recommYouthBookInfo.do?board_id=36&article_id=5045&book_info_id=3');
Insert into BTEAM.BOOK (TITLE,CREATOR,REGDATE,COLLECTIONDB,DESCRIPTION,RIGHTS,LANGUAGE,EXTENT,REFERENCEIDENTIFIER,URL) values ('생각이 크는 인문학(1, 2)','홈페이지','2020-08-09 00:27:13','추천도서_청소년권장도서','아이들의 생활과 밀접한 주제를 인문학적으로 풀어낸 책이다. 1권에서는 공부를, 2권에서는 아름다움을 중심 테마로 관련 질문들을 아이들이 겪을 만한 상황이나 익숙한 이야기에 빗대어 설명하고 있다.','김윤경, 한기호','Kor','164','http://www.kpipa.or.kr/upload/book/KP0063/1384146740412_5045.jpg','http://www.kpipa.or.kr/info/recommYouthBookInfo.do?board_id=36&article_id=5045&book_info_id=4');
Insert into BTEAM.BOOK (TITLE,CREATOR,REGDATE,COLLECTIONDB,DESCRIPTION,RIGHTS,LANGUAGE,EXTENT,REFERENCEIDENTIFIER,URL) values ('세상에 대하여 우리가 더 잘 알아야 할 교양24-국제관계','홈페이지','2020-08-09 00:27:14','추천도서_청소년권장도서','<세상에 대하여 우리가 더 잘 알아야 할 교양> 시리즈의 국제관계편이다. 국제 관계의 기본 취지부터 지구 온난화, 영토 분쟁, 테러리즘, 생물다양성 파괴 등 각종 이슈를 국제 관계의 관점에서 소개했다. ','닉 헌터/황선영','Kor','128','http://www.kpipa.or.kr/upload/book/KP0063/1384146740287_5045.jpg','http://www.kpipa.or.kr/info/recommYouthBookInfo.do?board_id=36&article_id=5045&book_info_id=5');
Insert into BTEAM.BOOK (TITLE,CREATOR,REGDATE,COLLECTIONDB,DESCRIPTION,RIGHTS,LANGUAGE,EXTENT,REFERENCEIDENTIFIER,URL) values ('꿈으로 돌파하라','홈페이지','2020-08-09 00:27:14','추천도서_청소년권장도서','삶을 성공으로 이끄는 ''꿈의 힘''과 이를 현실로 만들기 위해 어떠한 노력을 해야 하는지를 청소년의 눈높이에 맞춰 설명한 책이다. 청소년들이 꿈을 가져야하는 이유와 함께 저자의 다양한 공부 방법을 소개했다. ','고승덕','Kor','204','http://www.kpipa.or.kr/upload/book/KP0063/1384146740365_5045.jpg','http://www.kpipa.or.kr/info/recommYouthBookInfo.do?board_id=36&article_id=5045&book_info_id=6');
Insert into BTEAM.BOOK (TITLE,CREATOR,REGDATE,COLLECTIONDB,DESCRIPTION,RIGHTS,LANGUAGE,EXTENT,REFERENCEIDENTIFIER,URL) values ('전쟁 이야기 속에 숨은 과학을 찾아라','홈페이지','2020-08-09 00:27:14','추천도서_청소년권장도서','삼국지부터 제2차 세계 대전에 이르기까지 여러 전쟁터에서 벌어진 흥미로운 사건과 함께 과학 지식을 전달하는 책이다. 전쟁 이야기를 먼저 제시하여 흥미를 가지게 하고 과학 지식의 설명을 간략하게 덧붙여 이해에 도움이 되도록 했다.','위빙정/정주은','Kor','168','http://www.kpipa.or.kr/upload/book/KP0063/1384146740443_5045.jpg','http://www.kpipa.or.kr/info/recommYouthBookInfo.do?board_id=36&article_id=5045&book_info_id=7');
Insert into BTEAM.BOOK (TITLE,CREATOR,REGDATE,COLLECTIONDB,DESCRIPTION,RIGHTS,LANGUAGE,EXTENT,REFERENCEIDENTIFIER,URL) values ('엎치락 뒤치락 세계 경제 이야기 ','홈페이지','2020-08-09 00:27:14','추천도서_청소년권장도서','유럽의 중상주의 정책을 시작으로 산업혁명, 대륙횡단철도의 건설, 백화점의 탄생, 포드 시스템, 신자유주의 경제 정책, 정보기술 혁명과 닷컴 버블 등, 16세기에서 20세기까지 세계 경제를 움직였던 사건들과 그 배경, 각국의 경제 부흥과 쇠퇴를 불러온 정책이나 결정 등을 다루고 있다.','석혜원 글, 어진선 그림','Kor','292','http://www.kpipa.or.kr/upload/201704/7002.18409769473120170427114728.jpg','http://www.kpipa.or.kr/info/recommYouthBookInfo.do?board_id=36&article_id=67122&book_info_id=5');
Insert into BTEAM.BOOK (TITLE,CREATOR,REGDATE,COLLECTIONDB,DESCRIPTION,RIGHTS,LANGUAGE,EXTENT,REFERENCEIDENTIFIER,URL) values ('속담 속에 숨은 수학','홈페이지','2020-08-09 00:27:15','추천도서_청소년권장도서','다양한 속담을 두루 살피며 손이나 발을 이용해 측량하던 고대의 단위가 어떠한 과정을 거쳐 오늘날의 미터법에 이르렀는지, 우리가 사용하는 단위들의 의미와 올바른 쓰임이 무엇인지 전한다.','송은영/최현묵','Kor','148','http://www.kpipa.or.kr/upload/book/KP0063/1384146738836_5040.jpg','http://www.kpipa.or.kr/info/recommYouthBookInfo.do?board_id=36&article_id=5040&book_info_id=7');
Insert into BTEAM.BOOK (TITLE,CREATOR,REGDATE,COLLECTIONDB,DESCRIPTION,RIGHTS,LANGUAGE,EXTENT,REFERENCEIDENTIFIER,URL) values ('어른이 되어가는 너에게','홈페이지','2020-08-09 00:27:15','추천도서_청소년권장도서','이 책은 청소년들이 나이 들어 어른이 되기 전에 배우고 익히면 좋은 내용을 정리한 책이다. 늘 환하게 웃는 모습으로 배운 대로 거울삼아 바르게 실천하여 이 땅위 청소년 모두가 보다 어질고 선하며 슬기롭고 올곧았으면 좋겠다는 바람의 메시지를 담았다. ','밝은사람들','Kor','288','http://www.kpipa.or.kr/upload/book/KP0063/1384146738696_5040.jpg','http://www.kpipa.or.kr/info/recommYouthBookInfo.do?board_id=36&article_id=5040&book_info_id=8');
Insert into BTEAM.BOOK (TITLE,CREATOR,REGDATE,COLLECTIONDB,DESCRIPTION,RIGHTS,LANGUAGE,EXTENT,REFERENCEIDENTIFIER,URL) values ('고양이네 음악회','홈페이지','2020-08-09 00:27:16','추천도서_청소년권장도서','  초등학교 교과서에 수록된 생상스의 대표 교향곡 ‘동물의 사육제’를 고양이가 주인공으로 등장하는 재미있는 이야기로 만날 수 있다. 음악 외에도 각 장에 따른 즉흥적인 느낌을 명화와 함께 감상할 수 있도록 구성했다.','강효미 글, 최정진 그림','Kor','80','http://www.kpipa.or.kr/upload/201410/79631.3540853350920141002104709.jpg','http://www.kpipa.or.kr/info/recommYouthBookInfo.do?board_id=36&article_id=19071&book_info_id=2');
Insert into BTEAM.BOOK (TITLE,CREATOR,REGDATE,COLLECTIONDB,DESCRIPTION,RIGHTS,LANGUAGE,EXTENT,REFERENCEIDENTIFIER,URL) values ('세상을 바꾼 탐험','홈페이지','2020-08-09 00:27:16','추천도서_청소년권장도서','  탐험이 현대 문명을 만드는 데 미친 영향과 탐험으로 인해 각 대륙이 어떤 불합리한 대가를 치렀는지 다룬다. 유럽 탐험가 외에 고대의 전설적인 탐험가들, 중세 시대 이슬람 탐험가들, 동아시아의 탐험가들까지 불러 모았다. ','김용만','Kor','184','http://www.kpipa.or.kr/upload/201410/16645.26201906183620141002104751.jpg','http://www.kpipa.or.kr/info/recommYouthBookInfo.do?board_id=36&article_id=19071&book_info_id=3');
Insert into BTEAM.BOOK (TITLE,CREATOR,REGDATE,COLLECTIONDB,DESCRIPTION,RIGHTS,LANGUAGE,EXTENT,REFERENCEIDENTIFIER,URL) values ('생각의 시작 어린이를 위한 감정수업','홈페이지','2020-08-09 00:27:16','추천도서_청소년권장도서','  초등 고학년 대상의 인성교육 책으로, 50가지의 에피소드를 통해서 아이들이 경험할 수 있는 여러 상황에서 느끼는 감정을 스스로 들여다보고 어떻게 문제 상황을 극복해나갈 것인지 생각하고 훈련하게 이끌어준다. ','유재화','Kor','216','http://www.kpipa.or.kr/upload/201410/80250.5341240352420141002104830.jpg','http://www.kpipa.or.kr/info/recommYouthBookInfo.do?board_id=36&article_id=19071&book_info_id=4');
Insert into BTEAM.BOOK (TITLE,CREATOR,REGDATE,COLLECTIONDB,DESCRIPTION,RIGHTS,LANGUAGE,EXTENT,REFERENCEIDENTIFIER,URL) values ('초등학생이 알아야 할 국경일 기념일 51','홈페이지','2020-08-09 00:27:16','추천도서_청소년권장도서','  알쏭달쏭한 국경일과 기념일에 대한 모든 이야기를 담은 역사책이자 상식책이다. 국가에서 지정한 5개의 국경일과 46개의 국가기념일을 총망라하여 꼭 기억해야 할 기념일에 대한 역사적 이해를 돕고 있다.','박동석','Kor','368','http://www.kpipa.or.kr/upload/201410/27581.4286646157720141002104949.jpg','http://www.kpipa.or.kr/info/recommYouthBookInfo.do?board_id=36&article_id=19071&book_info_id=5');
Insert into BTEAM.BOOK (TITLE,CREATOR,REGDATE,COLLECTIONDB,DESCRIPTION,RIGHTS,LANGUAGE,EXTENT,REFERENCEIDENTIFIER,URL) values ('너희는 보석 같은 존재','홈페이지','2020-08-09 00:27:16','추천도서_청소년권장도서','  한 해에 3백 번 가까이 강의를 하며 청소년들과 만나고 있는 저자가 청소년이 가장 고민하는 문제들 - 외모, 공부와 진로, 친구 관계, 왕따와 학교 폭력 문제, 가족 문제, 이성 친구 사귀기 등 대략 10가지로 추려지는 주제에 대해 서로 대화를 주고받으며 입말을 살려 조언하는 내용이다. ','고정욱','Kor','200','http://www.kpipa.or.kr/upload/201609/43936.2582066102120160930172229.png','http://www.kpipa.or.kr/info/recommYouthBookInfo.do?board_id=36&article_id=58594&book_info_id=2');
Insert into BTEAM.BOOK (TITLE,CREATOR,REGDATE,COLLECTIONDB,DESCRIPTION,RIGHTS,LANGUAGE,EXTENT,REFERENCEIDENTIFIER,URL) values ('독도, 1500년의 역사','홈페이지','2020-08-09 00:27:16','추천도서_청소년권장도서','  한국인으로 귀화한 독도 전문가인 저자가 오랜 연구 끝에 독도가 한국 땅일 수밖에 없는 이유를 알려주는 책이다. 지난 1500년의 역사를 되돌아보는 과정에서 독도가 한국의 영토였음을 증명하는 자료와 더불어 독도를 우리 땅이라고 여겼던 명백한 증거를 확인할 수 있다. ','호사카 유지','Kor','268','http://www.kpipa.or.kr/upload/201609/73108.911741125320160930172308.png','http://www.kpipa.or.kr/info/recommYouthBookInfo.do?board_id=36&article_id=58594&book_info_id=3');
Insert into BTEAM.BOOK (TITLE,CREATOR,REGDATE,COLLECTIONDB,DESCRIPTION,RIGHTS,LANGUAGE,EXTENT,REFERENCEIDENTIFIER,URL) values ('테크놀로지: 문명을 읽는 새로운 코드','홈페이지','2020-08-09 00:27:17','추천도서_청소년권장도서',' ‘테크놀로지’라는 색다른 코드로 인류의 문명사를 흥미롭게 풀어낸 책이다. 저명한 역사학자인 저자는 이 책에서 문명을 좌우한 기술과 도구가 어디서 발명되고 어떤 루트로 퍼져나갔는지, 각 나라와 문화권이 이를 어떻게 받아들이고 활용했는지 살펴보고, 그 결과를 분석한다. ','다니엘 R. 헤드릭/김영태','Kor','264','http://www.kpipa.or.kr/upload/201607/10614.5375444360220160729164111.png','http://www.kpipa.or.kr/info/recommYouthBookInfo.do?board_id=36&article_id=57550&book_info_id=4');
Insert into BTEAM.BOOK (TITLE,CREATOR,REGDATE,COLLECTIONDB,DESCRIPTION,RIGHTS,LANGUAGE,EXTENT,REFERENCEIDENTIFIER,URL) values ('로봇은 인간을 지배할 수 있을까','홈페이지','2020-08-09 00:27:17','추천도서_청소년권장도서',' 알파고 신드롬으로 발생한 몇 가지 질문들, 인공지능은 도대체 무엇이며, 인공지능과 로봇은 어디까지 발전했고, 한계는 무엇이며, 인류의 위협이 될지 아닐지에 답하기 위해 지금까지 개발된 다양한 인공지능과 로봇은 물론 인공지능이 모사하는 인간 두뇌의 특성과 메커니즘을 살펴본다. ','이종호','Kor','268','http://www.kpipa.or.kr/upload/201607/89514.1371845533620160729164230.png','http://www.kpipa.or.kr/info/recommYouthBookInfo.do?board_id=36&article_id=57550&book_info_id=5');
Insert into BTEAM.BOOK (TITLE,CREATOR,REGDATE,COLLECTIONDB,DESCRIPTION,RIGHTS,LANGUAGE,EXTENT,REFERENCEIDENTIFIER,URL) values ('소행성 적인가 친구인가','홈페이지','2020-08-09 00:27:17','추천도서_청소년권장도서',' 독일 소행성 전문가가 소행성의 위협과 그 위협을 극복할 수 있는 인류의 기술들, 소행성이 인류에게 가져다 줄 기회를 다룬 과학 다큐멘터리. 저자의 해박한 지식과 우주에 대한 흥미로운 서사, 그리고 날카로운 통찰력은 우리에게 우주의 위험과 기회를 바라보는 새로운 시각을 제공한다. ','플로리안 프라이슈테터/유영미','Kor','288','http://www.kpipa.or.kr/upload/201607/45789.90207135920160729164454.png','http://www.kpipa.or.kr/info/recommYouthBookInfo.do?board_id=36&article_id=57550&book_info_id=6');
Insert into BTEAM.BOOK (TITLE,CREATOR,REGDATE,COLLECTIONDB,DESCRIPTION,RIGHTS,LANGUAGE,EXTENT,REFERENCEIDENTIFIER,URL) values ('사춘기 수호천사','홈페이지','2020-08-09 00:27:17','추천도서_청소년권장도서',' 교육평론가와 동화작가가 함께 쓴 청소년 교육소설. 10대 청소년들이 자신의 공부를 방해하는 요소들을 극복하고 자기주도적인 생활을 해 나갈 수 있도록 도와주는 내용들로 구성되어 있다. 사춘기를 겪는 아이와 부모가 함께 읽을 때 그 의미가 더욱 특별해지는 이야기.','이범, 홍은경','Kor','224','http://www.kpipa.or.kr/upload/201607/26236.9944548073520160729164553.png','http://www.kpipa.or.kr/info/recommYouthBookInfo.do?board_id=36&article_id=57550&book_info_id=7');
Insert into BTEAM.BOOK (TITLE,CREATOR,REGDATE,COLLECTIONDB,DESCRIPTION,RIGHTS,LANGUAGE,EXTENT,REFERENCEIDENTIFIER,URL) values ('빗방울이 후두둑','홈페이지','2020-08-09 00:27:17','추천도서_청소년권장도서','과감한 컬러와 툭툭 그린 그림, 시적 텍스트가 오늘, 여기를 살고 있는 우리의 이야기를 담고 있다. 사는 게 쉽지 않은 요즘, 평범한 소시민의 일상을 여름 소나기에 빗대어 표현한 이 작품은 마치 시원스레 해갈하는 청량음료처럼 차갑고 맑은 기운을 훅 하고 불어넣는다.','전미화','Kor','44','http://www.kpipa.or.kr/upload/201607/26363.2665143599320160729164820.png','http://www.kpipa.or.kr/info/recommYouthBookInfo.do?board_id=36&article_id=57550&book_info_id=8');
Insert into BTEAM.BOOK (TITLE,CREATOR,REGDATE,COLLECTIONDB,DESCRIPTION,RIGHTS,LANGUAGE,EXTENT,REFERENCEIDENTIFIER,URL) values ('나는 왜 내 마음을 모를까?','홈페이지','2020-08-09 00:27:17','추천도서_청소년권장도서','십대들이 겪는 불편한 감정, 《불안》, 《시기심》, 《분노》, 《슬픔》 네 가지 감정에 주목했다.  상황에 대한 반응과 행동을 살펴 자기 안의 진짜 감정을 발견하는 방법을 이야기한다. 인문학적 시각으로 감정을 바라봄으로써 십대들이 감정을 옳게 표현할 수 있도록 돕는다. ','조미혜','Kor','204','http://www.kpipa.or.kr/upload/201612/56244.26419688560420161201131414.jpg','http://www.kpipa.or.kr/info/recommYouthBookInfo.do?board_id=36&article_id=60105&book_info_id=4');
Insert into BTEAM.BOOK (TITLE,CREATOR,REGDATE,COLLECTIONDB,DESCRIPTION,RIGHTS,LANGUAGE,EXTENT,REFERENCEIDENTIFIER,URL) values ('얘들아! 삶은 고전이란다','홈페이지','2020-08-09 00:27:17','추천도서_청소년권장도서','국어 선생님이 교과서에서 직접 뽑은 동서양 대표 고전을 통해 지혜와 성장의 메시지를 담은 이 책은 고전을 청소년 멘토링과 결합시킴으로써 지금 이 순간 청소년들이 가진 다양한 고민들에 대해 고전들 속의 메시지를 통해 공감과 위로, 그리고 조언을 건네준다. ','박진형','Kor','256','http://www.kpipa.or.kr/upload/201612/16939.7644708292220161201131622.jpg','http://www.kpipa.or.kr/info/recommYouthBookInfo.do?board_id=36&article_id=60105&book_info_id=5');
Insert into BTEAM.BOOK (TITLE,CREATOR,REGDATE,COLLECTIONDB,DESCRIPTION,RIGHTS,LANGUAGE,EXTENT,REFERENCEIDENTIFIER,URL) values ('사람은 왜 꾸미는 걸까?','홈페이지','2020-08-09 00:27:17','추천도서_청소년권장도서',' ''꾸미는 행위''에 대해 근원적이고 철학적인 질문을 던지며 미에 대한 바른 가치관을 갖게 하는 인문교양서다. 다양한 토론 주제가 배경 지식과 함께 풍부하고도 흥미롭게 담겨 있어, 유행과 모방, 대중문화의 홍수 속에서 자기중심을 잃지 않게 아이들을 지도할 수 있다. ','정해영','Kor','160','http://www.kpipa.or.kr/upload/201612/3050.738004574415820161201131739.jpg','http://www.kpipa.or.kr/info/recommYouthBookInfo.do?board_id=36&article_id=60105&book_info_id=6');
Insert into BTEAM.BOOK (TITLE,CREATOR,REGDATE,COLLECTIONDB,DESCRIPTION,RIGHTS,LANGUAGE,EXTENT,REFERENCEIDENTIFIER,URL) values ('캥거루족, 주머니에서 탈출 ','홈페이지','2020-08-09 00:27:17','추천도서_청소년권장도서','자녀에게 들려주는 경제 개념서. 캥거루족의 문제인식으로부터 출발하여 ‘각 주제의 이해를 통해 캥거루 주머니로부터의 탈출!’등의 흐름으로 이솝우화, 동화, 탈무드, 속담 등을 활용하여 쉽고, 재미있게 실생활 적용이 용이한 여러 가지 해결 방안을 제시해 주고 있다.','김상규 ','Kor','272','http://www.kpipa.or.kr/upload/201702/68158.0788087299320170228122143.jpg','http://www.kpipa.or.kr/info/recommYouthBookInfo.do?board_id=36&article_id=63060&book_info_id=8');
Insert into BTEAM.BOOK (TITLE,CREATOR,REGDATE,COLLECTIONDB,DESCRIPTION,RIGHTS,LANGUAGE,EXTENT,REFERENCEIDENTIFIER,URL) values ('토끼 이야기','홈페이지','2020-08-09 00:27:17','추천도서_청소년권장도서','어느 따뜻한 봄날, 다복이네 마을에 토끼 세 마리가 풀린다. 마을은 처음에는 평화롭고 정겨웠지만 풀어놓은 세 마리의 토끼가 마을을 휘젓고 다니자, 사람들의 마음은 삽시간에 돌변하고 만다. 다시 마을에 토끼가 사라지기까지 위선과 위악적인 인간본연의 모습이 여실하게 드러난다. ','장주식 글, 박예진 그림 ','Kor','46','http://www.kpipa.or.kr/upload/201702/66106.0927628845120170228122336.jpg','http://www.kpipa.or.kr/info/recommYouthBookInfo.do?board_id=36&article_id=63060&book_info_id=9');
Insert into BTEAM.BOOK (TITLE,CREATOR,REGDATE,COLLECTIONDB,DESCRIPTION,RIGHTS,LANGUAGE,EXTENT,REFERENCEIDENTIFIER,URL) values ('드림 레시피','홈페이지','2020-08-09 00:27:18','추천도서_청소년권장도서','꿈을 이루는 6단계 액션 플랜 ''드림 레시피''를 소개한책으로 저자는 꿈꾸는 것만으로 달라질 수 없다고 이야기하며, 꿈의 핵심은 머릿속에 있는 상상을 구체적으로 실행하는 데 있다고 조언한다. ','김수영','Kor','324','http://www.kpipa.or.kr/upload/book/KP0063/1384146740880_5047.jpg','http://www.kpipa.or.kr/info/recommYouthBookInfo.do?board_id=36&article_id=5047&book_info_id=8');
Insert into BTEAM.BOOK (TITLE,CREATOR,REGDATE,COLLECTIONDB,DESCRIPTION,RIGHTS,LANGUAGE,EXTENT,REFERENCEIDENTIFIER,URL) values ('잘 그리지도 못하면서','홈페이지','2020-08-09 00:27:18','추천도서_청소년권장도서','그림을 그려서 먹고사는 ‘평범한’ 일러스트레이터가 자신의 일상과 생각을 글과 네 컷 만화에 담아 펴낸 책이다. 그림 작가가 되기까지의 과정과 현실적 삶이 생생하게 그려지고 있어 그림책에 관심 있는 청소년 독자, 작가 지망생들이라면 더 흥미롭게 읽을 수 있다. ','김중석','Kor','200','http://www.kpipa.or.kr/upload/201704/45385.1552301146120170427114112.jpg','http://www.kpipa.or.kr/info/recommYouthBookInfo.do?board_id=36&article_id=67122&book_info_id=1');
Insert into BTEAM.BOOK (TITLE,CREATOR,REGDATE,COLLECTIONDB,DESCRIPTION,RIGHTS,LANGUAGE,EXTENT,REFERENCEIDENTIFIER,URL) values ('홍다미는 싸움닭','홈페이지','2020-08-09 00:27:18','추천도서_청소년권장도서','입양아라는 사실이 마음의 상처로 남아있는 홍다미가 전학 간 학교에서 입양아지만 입양 사실을 숨기지 않는 밝은 친구 한나를 만난다. 다미는 밝음 뒤에 숨어 있는 한나의 어둠을 조금씩 알아가면서 자신에 대해서도 이해하고 받아들이며, 둘은 서로 힘들 때 지켜주는 사이가 된다. ','송재찬 글, 한태희 그림','Kor','232','http://www.kpipa.or.kr/upload/201704/99842.4990605616320170427115454.jpg','http://www.kpipa.or.kr/info/recommYouthBookInfo.do?board_id=36&article_id=67122&book_info_id=10');
Insert into BTEAM.BOOK (TITLE,CREATOR,REGDATE,COLLECTIONDB,DESCRIPTION,RIGHTS,LANGUAGE,EXTENT,REFERENCEIDENTIFIER,URL) values ('이상한 나라의 앨리스들 ','홈페이지','2020-08-09 00:27:18','추천도서_청소년권장도서','청소년문학을 일궈 나가고 있는 일곱 명의 작가들이 ‘소녀’를 테마로 쓴 작품을 모았다. 지구의 존속 여부를 결정해야 하거나 타인의 분실물과 마주했을 때 등, 때로는 중대하고 때로는 사소한 선택의 기로에서 소녀들은 주체적이고 독립적인 존재로 자신의 삶을 열어나간다. ','김혜정 외 ','Kor','212','http://www.kpipa.or.kr/upload/201704/41373.7529088274120170427114256.jpg','http://www.kpipa.or.kr/info/recommYouthBookInfo.do?board_id=36&article_id=67122&book_info_id=2');
Insert into BTEAM.BOOK (TITLE,CREATOR,REGDATE,COLLECTIONDB,DESCRIPTION,RIGHTS,LANGUAGE,EXTENT,REFERENCEIDENTIFIER,URL) values ('혜원 신윤복, 조선의 여인을 그리다','홈페이지','2020-08-09 00:27:19','추천도서_청소년권장도서',' 아이들의 눈높이에 맞춰 쉽고 간명하게 신윤복의 삶과 조선 시대의 풍속화를 그려낸 책. 미술사를 전공한 현직 초등학교 교사가 신윤복의 삶과 조선시대의 풍속화를 쉽게 이해할 수 있게 역사, 문화, 풍속, 미술사를 두루 망라하는 이야기를 쉽고 간명하게 풀어냈다.','최석조 글, 김민준 그림','Kor','160','http://www.kpipa.or.kr/upload/201510/27254.58344978058820151029153022.jpg','http://www.kpipa.or.kr/info/recommYouthBookInfo.do?board_id=36&article_id=43347&book_info_id=2');
Insert into BTEAM.BOOK (TITLE,CREATOR,REGDATE,COLLECTIONDB,DESCRIPTION,RIGHTS,LANGUAGE,EXTENT,REFERENCEIDENTIFIER,URL) values ('내 인생의 첫 고전 장자: 나비의 꿈','홈페이지','2020-08-09 00:27:20','추천도서_청소년권장도서',' 장자 이야기를 청소년들의 눈높이에 맞게 쓴 책. 질문하는 법을 잊어버리고, 너무 바빠 가장 중요한 문제에 대해 궁금해 할 틈이 없는 아이들의 모습을 보면서 저자는 장자 이야기를 통해 “마음과 태도를 정신 차리고 들여다보는 훈련”을 하자는 생각으로 장자 이야기를 하나하나 쉽고 재미있게 풀어냈다.','최은숙 글, 노계선 그림','Kor','164','http://www.kpipa.or.kr/upload/201601/67322.9132248896620160104103504.jpg','http://www.kpipa.or.kr/info/recommYouthBookInfo.do?board_id=36&article_id=45141&book_info_id=5');
Insert into BTEAM.BOOK (TITLE,CREATOR,REGDATE,COLLECTIONDB,DESCRIPTION,RIGHTS,LANGUAGE,EXTENT,REFERENCEIDENTIFIER,URL) values ('에코 걸스, 지구 정상 회담에 가다','홈페이지','2020-08-09 00:27:20','추천도서_청소년권장도서',' 캐나다 여자아이 5명이 환경 모임 ‘에코’를 결성, 1992년 브라질의 리우데자네이루에서 열린 지구 정상 회담에 가기까지의 과정을 담은 실화. 당시 에코 멤버인 세번 컬리스-스즈키가 어른들을 향해 외친 6분 동안의 연설은 회담장뿐만 아니라 전세계 사람들의 심금을 울렸다.','재닛 윌슨/송미영','Kor','224','http://www.kpipa.or.kr/upload/201601/25303.54846238482820160104103607.jpg','http://www.kpipa.or.kr/info/recommYouthBookInfo.do?board_id=36&article_id=45141&book_info_id=6');
Insert into BTEAM.BOOK (TITLE,CREATOR,REGDATE,COLLECTIONDB,DESCRIPTION,RIGHTS,LANGUAGE,EXTENT,REFERENCEIDENTIFIER,URL) values ('피타고라스 학파의 집단살인','홈페이지','2020-08-09 00:27:20','추천도서_청소년권장도서','고대 그리스 시대에 무리수를 둘러싸고 벌어진 집단살인사건을 추적하는 가운데 고대인들의 수 개념과 자연수에 집착했던 피타고라스학파의 세계를 들여다볼 수 있다. 그리고 자연스럽게 유리수와 제곱근이 무엇인지 수학에서 증명이 무엇인지 그 실체를 이해할 수 있게 된다.','박영훈 ','Kor','176','http://www.kpipa.or.kr/upload/201706/32539.84767245163720170629134542.jpg','http://www.kpipa.or.kr/info/recommYouthBookInfo.do?board_id=36&article_id=68368&book_info_id=6');
Insert into BTEAM.BOOK (TITLE,CREATOR,REGDATE,COLLECTIONDB,DESCRIPTION,RIGHTS,LANGUAGE,EXTENT,REFERENCEIDENTIFIER,URL) values ('반전 동화','홈페이지','2020-08-09 00:27:20','추천도서_청소년권장도서',' ‘토끼와 거북이’ ‘혹부리 영감’ 등 소개된 35가지 동화는 대다수 우리에게 익히 알려진, 전혀 새로울 것도 없는 이야기들이지만, 저자는 특유의 시선과 해석으로 풀어내면서 사고력의 전환을 이끌고, 잘못된 습관·인간관계·마음가짐에 대한 고민 해결의 실마리를 찾아갈 수 있도록 안내한다. ','우에사카 도루/장윤정 ','Kor','232','http://www.kpipa.or.kr/upload/201706/84111.0029375403820170629134704.jpg','http://www.kpipa.or.kr/info/recommYouthBookInfo.do?board_id=36&article_id=68368&book_info_id=7');
Insert into BTEAM.BOOK (TITLE,CREATOR,REGDATE,COLLECTIONDB,DESCRIPTION,RIGHTS,LANGUAGE,EXTENT,REFERENCEIDENTIFIER,URL) values ('물의 공주','홈페이지','2020-08-09 00:27:20','추천도서_청소년권장도서','날마다 물을 뜨기 위해 수 킬로미터를 걸어야 했던 조지 바디엘(아프리카 출신 모델)의 어린 시절 이야기. 마을에 물을 불러오고 싶어 했던 기기의 간절한 바람처럼 아프리카에 사는 많은 친구들이 깨끗한 물을 소망하고 있다. 어린이들은 물의 소중함과 아울러 아프리카 친구들을 돕고 싶은 마음도 생길 것이다.','수전 베르데 글, 피터 H. 레이놀즈 그림/곽정아','Kor','40','http://www.kpipa.or.kr/upload/201706/75401.5062225242720170629134827.jpg','http://www.kpipa.or.kr/info/recommYouthBookInfo.do?board_id=36&article_id=68368&book_info_id=8');
Insert into BTEAM.BOOK (TITLE,CREATOR,REGDATE,COLLECTIONDB,DESCRIPTION,RIGHTS,LANGUAGE,EXTENT,REFERENCEIDENTIFIER,URL) values ('세 발 두꺼비와 황금 동전','홈페이지','2020-08-09 00:27:21','추천도서_청소년권장도서','달에 살던 세 발 두꺼비가 신선의 황금 동전에 홀려 온 세상을 돌아다니다가 꾀를 내어 다시 고향으로 돌아간다는 내용의 이야기로 물질에 대한 탐욕을 경계해야 한다는 교훈을 전한다. ','신순재 글, 한병호 그림','Kor','40','http://www.kpipa.or.kr/upload/201312/67497.1527870121520131202175449.jpg','http://www.kpipa.or.kr/info/recommYouthBookInfo.do?board_id=36&article_id=10065&book_info_id=9');
Insert into BTEAM.BOOK (TITLE,CREATOR,REGDATE,COLLECTIONDB,DESCRIPTION,RIGHTS,LANGUAGE,EXTENT,REFERENCEIDENTIFIER,URL) values ('눈물은 내친구','홈페이지','2020-08-09 00:27:21','추천도서_청소년권장도서','  저자가 국어시간에 중학생들과 글쓰기 교육을 하면서 학생들이 써낸 90여 편의 글을 한 권의 책으로 묶은 것으로 아이들의 깊숙한 속마음을 들여다볼 수 있다.','조재도 엮음','Kor','240','http://www.kpipa.or.kr/upload/201401/67711.1193875066520140102133328.jpg','http://www.kpipa.or.kr/info/recommYouthBookInfo.do?board_id=36&article_id=11635&book_info_id=1');
Insert into BTEAM.BOOK (TITLE,CREATOR,REGDATE,COLLECTIONDB,DESCRIPTION,RIGHTS,LANGUAGE,EXTENT,REFERENCEIDENTIFIER,URL) values ('할머니가 물려주신 요리책','홈페이지','2020-08-09 00:27:21','추천도서_청소년권장도서','  서울에서 10대 이상 살아온 양반가 출신 할머니가 어렸을 때 몸으로 배우고 익혔던 우리네 식생활 문화를 바탕으로 만든 그림책이다. 한식요리에 대한 선입견을 바로잡고 우리 음식의 맛과 멋을 안내한다. ','김익선 글, 김효순 그림','Kor','56','http://www.kpipa.or.kr/upload/201401/90659.9250133171920140102134042.jpg','http://www.kpipa.or.kr/info/recommYouthBookInfo.do?board_id=36&article_id=11635&book_info_id=10');
Insert into BTEAM.BOOK (TITLE,CREATOR,REGDATE,COLLECTIONDB,DESCRIPTION,RIGHTS,LANGUAGE,EXTENT,REFERENCEIDENTIFIER,URL) values ('휴대폰 전쟁','홈페이지','2020-08-09 00:27:21','추천도서_청소년권장도서','  친구와 휴대폰으로만 소통하고 ''접속'' 상태에서만 자신의 존재감을 느끼는 요즘 청소년들의 모습을 그린 소설로 자신의 휴대폰 사용 습관을 되돌아보도록 유도하며 이야기를 풀어나갔다. ','로이스 페터슨/고수미','Kor','144','http://www.kpipa.or.kr/upload/201401/35113.7915147632520140102133415.jpg','http://www.kpipa.or.kr/info/recommYouthBookInfo.do?board_id=36&article_id=11635&book_info_id=2');
Insert into BTEAM.BOOK (TITLE,CREATOR,REGDATE,COLLECTIONDB,DESCRIPTION,RIGHTS,LANGUAGE,EXTENT,REFERENCEIDENTIFIER,URL) values ('천하의 근본이어라 우리 농사 이야기','홈페이지','2020-08-09 00:27:21','추천도서_청소년권장도서','  초등학생을 위한 지식 교양서 <지식의 힘> 시리즈의 첫 번째 책으로 ''농사''를 주제로 우리 조상들의 삶을 이야기한다. 농사와 문명의 발생, 계절과 절기, 농사 도구와 기술 등 한민족의 정체성을 세운 농사와 관련된 다양한 이야기를 소개한다.','정청라 글, 최양숙 그림','Kor','184','http://www.kpipa.or.kr/upload/201401/74431.834209003120140102133508.jpg','http://www.kpipa.or.kr/info/recommYouthBookInfo.do?board_id=36&article_id=11635&book_info_id=3');
Insert into BTEAM.BOOK (TITLE,CREATOR,REGDATE,COLLECTIONDB,DESCRIPTION,RIGHTS,LANGUAGE,EXTENT,REFERENCEIDENTIFIER,URL) values ('청소년을 위한 비폭력 대화','홈페이지','2020-08-09 00:27:21','추천도서_청소년권장도서','  30년간 교사로서 학생들을 만나온 경험을 바탕으로 실제로 학생들과 비폭력 대화를 실천할 수 있는 방법을 조언하는 책이다. 상처받은 청소년들을 위한 치유와 공감의 대화법을 각 장마다 제목으로 제시한다. 한국출판문화산업진흥원의 출판지원사업 선정작이다.','김미경','Kor','256','http://www.kpipa.or.kr/upload/201401/90805.8305775334320140102133552.jpg','http://www.kpipa.or.kr/info/recommYouthBookInfo.do?board_id=36&article_id=11635&book_info_id=4');
Insert into BTEAM.BOOK (TITLE,CREATOR,REGDATE,COLLECTIONDB,DESCRIPTION,RIGHTS,LANGUAGE,EXTENT,REFERENCEIDENTIFIER,URL) values ('아이와 함께, 아일랜드 영국','홈페이지','2020-08-09 00:27:21','추천도서_청소년권장도서','방송작가인 저자가 어린 딸과 함께 아일랜드와 영국으로, 동화 속 주인공들의 발자취를 찾아다니는 여행기이다. 더블린에서는 행복한 왕자와 걸리버를 만나기 위해 동분서주하고, 아기 곰 푸를 만나기 위해 숲 속을 헤매는가 하면 피터팬을 만나기 위해 섬으로 떠나기도 한다. ','정유선','Kor','344','http://www.kpipa.or.kr/upload/201501/12177.71882480561720150102111150.jpg','http://www.kpipa.or.kr/info/recommYouthBookInfo.do?board_id=36&article_id=25171&book_info_id=1');
Insert into BTEAM.BOOK (TITLE,CREATOR,REGDATE,COLLECTIONDB,DESCRIPTION,RIGHTS,LANGUAGE,EXTENT,REFERENCEIDENTIFIER,URL) values ('엄마는 회사에서 내 생각해?','홈페이지','2020-08-09 00:27:21','추천도서_청소년권장도서','아이들 눈높이에서 엄마의 일과를 쉽게 이해할 수 있도록 회사에 간 엄마와 유치원에 간 은비의 하루를 나란히 비교하여 보여 준다. 엄마와 아이의 정서적인 흐름에 초점을 맞춘 이 책은 아이에게 늘 미안한 워킹맘의 마음을 위로하고, 아직 엄마의 사랑이 그리운 아이에게 엄마의 사랑을 확인시켜 준다.','김영진 글, 그림','Kor','36','http://www.kpipa.or.kr/upload/201501/61576.9910978799520150102111942.jpg','http://www.kpipa.or.kr/info/recommYouthBookInfo.do?board_id=36&article_id=25171&book_info_id=10');
Insert into BTEAM.BOOK (TITLE,CREATOR,REGDATE,COLLECTIONDB,DESCRIPTION,RIGHTS,LANGUAGE,EXTENT,REFERENCEIDENTIFIER,URL) values ('청소년자원봉사 어떻게 할까?','홈페이지','2020-08-09 00:27:22','추천도서_청소년권장도서','청소년들에게 구체적인 나눔 실천의 방법과 그 중요성을 알려주기 위해 기획한 책이다. 봉사활동이 왜 필요한지, 어떻게 해야 하는지, 자원봉사를 통해 나와 이웃 그리고 사회를 위해 스스로 할 수 있는 일이 무엇인지 청소년들에게 들려주며 자원봉사란 함께 나누는 것임을 깨닫게 한다.','백은영','Kor','247','http://www.kpipa.or.kr/upload/book/KP0063/1384146734983_5029.jpg','http://www.kpipa.or.kr/info/recommYouthBookInfo.do?board_id=36&article_id=5029&book_info_id=5');
Insert into BTEAM.BOOK (TITLE,CREATOR,REGDATE,COLLECTIONDB,DESCRIPTION,RIGHTS,LANGUAGE,EXTENT,REFERENCEIDENTIFIER,URL) values ('신현림의 옛 그림과 뛰노는 동시 놀이터','홈페이지','2020-08-09 00:27:22','추천도서_청소년권장도서','조선 시대 옛 그림 22점을, 저자가 창작한 동시와 함께 감상하도록 구성한 색다른 동시집이다. 동시 아랫 부분에는 ''신현림의 명화 산책''을 덧붙여 우리 자연의 멋과 아름다움은 물론, 우리 선조의 숨결과 해학, 소망과 익살, 그리고 고귀한 정신세계가 담긴 옛 그림에 대해 아이들이 이해하기 쉽게 짤막하게 소개한다. ','신현림','Kor','64','http://www.kpipa.or.kr/upload/book/KP0063/1384146733610_5024.jpg','http://www.kpipa.or.kr/info/recommYouthBookInfo.do?board_id=36&article_id=5024&book_info_id=10');
Insert into BTEAM.BOOK (TITLE,CREATOR,REGDATE,COLLECTIONDB,DESCRIPTION,RIGHTS,LANGUAGE,EXTENT,REFERENCEIDENTIFIER,URL) values ('설탕, 세계를 바꾸다','홈페이지','2020-08-09 00:27:23','추천도서_청소년권장도서','이 책은 설탕이 생산되지 않던 시대부터 설탕이 발견되고 대량생산이 가능해진 이후 벌어진 세계사의 변화들을 살펴본다. 설탕이 어떤 방식으로 전파되었고, 노동을 조직했으며, 수탈을 이끌어 냈는지 확인할 수 있다.','마크 애론슨 외/설배환','Kor','184','http://www.kpipa.or.kr/upload/book/KP0063/1384146741551_5039.jpg','http://www.kpipa.or.kr/info/recommYouthBookInfo.do?board_id=36&article_id=5039&book_info_id=3');
Insert into BTEAM.BOOK (TITLE,CREATOR,REGDATE,COLLECTIONDB,DESCRIPTION,RIGHTS,LANGUAGE,EXTENT,REFERENCEIDENTIFIER,URL) values ('공자와 논어(1-3)','홈페이지','2020-08-09 00:27:23','추천도서_청소년권장도서','<논어>의 내용 가운데 공자의 사상을 대표할 수 있는 구절 30편을 다양한 에피소드와 함께 만화로 그렸다. 공자의 핵심사상뿐 아니라 공자의 일생과 배움의 여정까지 자연스럽게 살펴 볼 수 있는 만화책이다.','이하라 사이 글, 이지청 그림/임명현','Kor','328','http://www.kpipa.or.kr/upload/book/KP0063/1384146741566_5039.jpg','http://www.kpipa.or.kr/info/recommYouthBookInfo.do?board_id=36&article_id=5039&book_info_id=4');
Insert into BTEAM.BOOK (TITLE,CREATOR,REGDATE,COLLECTIONDB,DESCRIPTION,RIGHTS,LANGUAGE,EXTENT,REFERENCEIDENTIFIER,URL) values ('아리스토텔레스의 정치학, 행복의 조건을 묻다','홈페이지','2020-08-09 00:27:24','추천도서_청소년권장도서','이 책은 정치학의 초석을 다진 아리스토텔레스의 『정치학』을 청소년의 눈높이에 맞춰 풀어쓴 해설서이다. 바람직한 국가를 만들기 위한 아리스토텔레스의 풍부한 사유를 만날 수 있는 이 책은 그가 주장한 소유 방식, 정치 체제, 국가 통합, 사회 갈등 치유책, 교육 방식 등에 대해 다루고 있다.','유원기','Kor','264','http://www.kpipa.or.kr/upload/book/KP0063/1384146728806_5001.jpg','http://www.kpipa.or.kr/info/recommYouthBookInfo.do?board_id=36&article_id=5001&book_info_id=4');
Insert into BTEAM.BOOK (TITLE,CREATOR,REGDATE,COLLECTIONDB,DESCRIPTION,RIGHTS,LANGUAGE,EXTENT,REFERENCEIDENTIFIER,URL) values ('뚝딱 교양상식(하룻밤에 정리하는 한국사회의 14가지 쟁점)','홈페이지','2020-08-09 00:27:24','추천도서_청소년권장도서','미국산 쇠고기 수입 파동부터 비정규직, 피의자 얼굴 공개, 독도 문제, 미디어법 논쟁, 오바마 당선의 의미, 신종플루의 대공습까지 우리 사회를 떠들썩하게 했던 14가지 사회적 쟁점을 깊이 있고 균형 있게 다루며 사안마다 쟁점이 무엇인지, 찬반의 근거가 무엇인지를 객관적이고 깊이 있게 제시하고 있다.','오승현','Kor','360','http://www.kpipa.or.kr/upload/book/KP0063/1384146728681_5001.jpg','http://www.kpipa.or.kr/info/recommYouthBookInfo.do?board_id=36&article_id=5001&book_info_id=5');
Insert into BTEAM.BOOK (TITLE,CREATOR,REGDATE,COLLECTIONDB,DESCRIPTION,RIGHTS,LANGUAGE,EXTENT,REFERENCEIDENTIFIER,URL) values ('생물학 미리보기','홈페이지','2020-08-09 00:27:25','추천도서_청소년권장도서','곤충학자인 저자가 청소년들에게 생물학이란 무엇인지, 어떤 분야가 있으며 어떻게 공부해야 하는지, 그리고 생물학 분야에서 어떤 일을 할 수 있는지 소개하는 책이다. 생물학의 각 분야에 대한 지식과 함께 학문을 대하는 마음가짐에 대하여 생각해 보게 한다. ','정부희','Kor','150','http://www.kpipa.or.kr/upload/book/KP0063/1384146741020_5047.jpg','http://www.kpipa.or.kr/info/recommYouthBookInfo.do?board_id=36&article_id=5047&book_info_id=7');
Insert into BTEAM.BOOK (TITLE,CREATOR,REGDATE,COLLECTIONDB,DESCRIPTION,RIGHTS,LANGUAGE,EXTENT,REFERENCEIDENTIFIER,URL) values ('너는 지금 어디에 있니 : Here I am','홈페이지','2020-08-09 00:27:26','추천도서_청소년권장도서','  태어나서 살던 익숙한 곳을 떠나 전혀 다른 곳으로 떠나게 된 한 소년의 이야기를 담은 그림책이다. 글 없이 그림만으로 구성되어 있어 등장인물의 행동과 의미에 집중해서 책을 읽고, 독자 스스로 내용을 상상해 볼 수 있다.','패티 김 글, 소니아 산체스 그림/강이경','Kor','42','http://www.kpipa.or.kr/upload/201409/91017.9725734178620140901144417.jpg','http://www.kpipa.or.kr/info/recommYouthBookInfo.do?board_id=36&article_id=18807&book_info_id=8');
Insert into BTEAM.BOOK (TITLE,CREATOR,REGDATE,COLLECTIONDB,DESCRIPTION,RIGHTS,LANGUAGE,EXTENT,REFERENCEIDENTIFIER,URL) values ('가토 슈이치의 독서만능','홈페이지','2020-08-09 00:27:26','추천도서_청소년권장도서','  1962년 출간 이후 지금까지도 읽히는 독서법의 고전이 된 책. 단순히 독서 예찬이 아니라 실질적인 독서의 기술을 문학, 역사, 철학, 자연과학과 사회과학 및 신문잡지를 넘나들며 진지하면서도 유머러스한 필체로 상세히 소개한다. ','가토슈이치/이규원','Kor','208','http://www.kpipa.or.kr/upload/201410/53111.97311439195620141002104616.jpg','http://www.kpipa.or.kr/info/recommYouthBookInfo.do?board_id=36&article_id=19071&book_info_id=1');
Insert into BTEAM.BOOK (TITLE,CREATOR,REGDATE,COLLECTIONDB,DESCRIPTION,RIGHTS,LANGUAGE,EXTENT,REFERENCEIDENTIFIER,URL) values ('사과','홈페이지','2020-08-16 00:26:42','추천도서_청소년권장도서','아담과 이브의 사과, 그리고 뉴턴의 사과, 빌헬름 텔의 사과, 스피노자의 사과 등 사과에 얽힌 풍부한 이야기를 들려준다. 그리고 인류 역사에서 중요한 의미를 지니고 있는 사과를 사회, 문화, 역사, 예술 등 다양한 시각에서 바라봄으로써 새로운 생각을 유도한다.','김장성 글, 송효정 그림','Kor','34','http://www.kpipa.or.kr/upload/book/KP0063/1384146738914_5040.jpg','http://www.kpipa.or.kr/info/recommYouthBookInfo.do?board_id=36&article_id=5040&book_info_id=10');
Insert into BTEAM.BOOK (TITLE,CREATOR,REGDATE,COLLECTIONDB,DESCRIPTION,RIGHTS,LANGUAGE,EXTENT,REFERENCEIDENTIFIER,URL) values ('나를 찾는 인성 여행  ','홈페이지','2020-08-16 00:26:42','추천도서_청소년권장도서','십 대를 위한 인성 덕목 스무 가지를 동화로 담아냈다. 각각의 이야기는 십 대의 마음을 따뜻하게 위로하고, 깨우침을 주기도 한다. 이야기 다음에 이어지는‘마음 여행자의 생각 노트’는 인성 개념을 바로 세우고 생각을 확장시키며, 실천할 수 있는 구체적 지침을 제시한다.','김진락 글, 안호성 그림 ','Kor','200','http://www.kpipa.or.kr/upload/201704/18267.46564980723620170427115213.jpg','http://www.kpipa.or.kr/info/recommYouthBookInfo.do?board_id=36&article_id=67122&book_info_id=8');
Insert into BTEAM.BOOK (TITLE,CREATOR,REGDATE,COLLECTIONDB,DESCRIPTION,RIGHTS,LANGUAGE,EXTENT,REFERENCEIDENTIFIER,URL) values ('나를 마주하는 용기','홈페이지','2020-08-16 00:26:42','추천도서_청소년권장도서','  저자는 유튜브에 WeStopHate라는 채널을 개설하여 영상 제작 등으로 청소년들의 참여를 유도함으로써 더 직접적이고 효과적인 멘토링을 해 왔다. 그 내용을 정리한 이 책은 청소년들이 자기와의 건강한 관계를 형성하는 방법을 십대의 언어, 가장 십대다운 방식으로 전달하고 있다.','에밀리-앤 리걸, 진 디머스/유영훈','Kor','216','http://www.kpipa.or.kr/upload/201606/96229.2236647432920160628111123.jpg','http://www.kpipa.or.kr/info/recommYouthBookInfo.do?board_id=36&article_id=56875&book_info_id=4');
Insert into BTEAM.BOOK (TITLE,CREATOR,REGDATE,COLLECTIONDB,DESCRIPTION,RIGHTS,LANGUAGE,EXTENT,REFERENCEIDENTIFIER,URL) values ('어느 날, 고양이가 왔다','홈페이지','2020-08-16 00:26:42','추천도서_청소년권장도서','블로섬 거리의 한 고양이가 사라지면서 벌어지는 이야기로, 여태껏 관심 없이 지내던 이웃과 새로운 관계를 맺고 소통하는 모습을 담았다. 이 책은 다양한 인종이 생활하는 모습을 잔잔한 분위기의 화풍으로 그려냈는데, 그들의 모습은 실제 우리 주변의 이웃과 크게 다르지 않다.','케이티 하네트/김경희 ','Kor','32','http://www.kpipa.or.kr/upload/201704/95095.9000775825120170427115344.jpg','http://www.kpipa.or.kr/info/recommYouthBookInfo.do?board_id=36&article_id=67122&book_info_id=9');
Insert into BTEAM.BOOK (TITLE,CREATOR,REGDATE,COLLECTIONDB,DESCRIPTION,RIGHTS,LANGUAGE,EXTENT,REFERENCEIDENTIFIER,URL) values ('그래서 이런 과학이 생겼대요 1','홈페이지','2020-08-16 00:26:42','추천도서_청소년권장도서','초등과 중등 과정에서 배우는 지구과학과 물리 개념 중 가장 핵심적인 내용들을 모았다. 지구과학 부분에서는 지구의 탄생부터 지각의 변동, 우주의 신비, 날씨를 담았고, 물리 부분에서는 빛과 열, 자석과 전기, 힘과 에너지 등을 담았다. ','우리누리 글, 이창우 그림','Kor','184','http://www.kpipa.or.kr/upload/201501/94865.5384044971620150128165000.jpg','http://www.kpipa.or.kr/info/recommYouthBookInfo.do?board_id=36&article_id=26510&book_info_id=7');
Insert into BTEAM.BOOK (TITLE,CREATOR,REGDATE,COLLECTIONDB,DESCRIPTION,RIGHTS,LANGUAGE,EXTENT,REFERENCEIDENTIFIER,URL) values ('어린이를 위한 무역의 모든 것','홈페이지','2020-08-16 00:26:42','추천도서_청소년권장도서',' 초등학생 대상 경제 지식서. 무역의 정의와 역사, 우리나라 무역의 특징, 세계화와 무역의 미래, 공정무역의 개념 등 우리 주변에서 자주 일어나는 일들을 경제와 연관 지어 어린이들이 자연스럽게 경제와 무역을 이해할 수 있다.','서지원 글, 끌레몽 그림','Kor','148','http://www.kpipa.or.kr/upload/201505/69199.4752324094320150529103049.jpg','http://www.kpipa.or.kr/info/recommYouthBookInfo.do?board_id=36&article_id=37326&book_info_id=4');
Insert into BTEAM.BOOK (TITLE,CREATOR,REGDATE,COLLECTIONDB,DESCRIPTION,RIGHTS,LANGUAGE,EXTENT,REFERENCEIDENTIFIER,URL) values ('우주 로켓','홈페이지','2020-08-09 00:27:24','추천도서_청소년권장도서','로켓에 관한 모든 것을 간략하게 정리한 우주과학서이다. 나로호 로켓은 어떻게 만들어지고 어떤 원리로 우주비행을 하는 것인지 아폴로 박사로 알려진 조경철 박사가 로켓의 구조와 원리 등을 일반 독자는 물론이고 청소년도 이해하기 쉽게 풀이해 냈다.','조경철','Kor','232','http://www.kpipa.or.kr/upload/book/KP0063/1384146728837_5001.jpg','http://www.kpipa.or.kr/info/recommYouthBookInfo.do?board_id=36&article_id=5001&book_info_id=7');
Insert into BTEAM.BOOK (TITLE,CREATOR,REGDATE,COLLECTIONDB,DESCRIPTION,RIGHTS,LANGUAGE,EXTENT,REFERENCEIDENTIFIER,URL) values ('생각의 정원','홈페이지','2020-08-09 00:27:24','추천도서_청소년권장도서','카운슬러로 활동 중인 독일의 베스트셀러 작가가 쓴 이 책은 꿈과 소망/ 용기와 절망/ 걱정과 배려/ 특별함/ 올바른 순간/ 사랑, 기쁨, 행복/삶과 체념 등 7가지 큰 주제 아래 67가지 이야기가 너무 가볍지도 무겁지도 않게, 깊이와 매력 있는 시선으로 펼쳐지고 있다. 지적장애인 작업공동체 ‘예손’의 청년들이 그린 그림이 함께 수록되어 있다.','타냐 콘네르트 글, 예손 그림/ 안상임','Kor','207','http://www.kpipa.or.kr/upload/book/KP0063/1384146728712_5001.jpg','http://www.kpipa.or.kr/info/recommYouthBookInfo.do?board_id=36&article_id=5001&book_info_id=8');
Insert into BTEAM.BOOK (TITLE,CREATOR,REGDATE,COLLECTIONDB,DESCRIPTION,RIGHTS,LANGUAGE,EXTENT,REFERENCEIDENTIFIER,URL) values ('클라우드 컴퓨팅','홈페이지','2020-08-16 00:26:42','추천도서_청소년권장도서','인터넷을 통한 소프트 어플리케이션과 데이터 저장 공간 및 처리 장치의 이용에 있어 획기적인 변화를 몰고 온 클라우드 컴퓨팅 입문서이다. 클라우드 컴퓨팅에 대한 기본적인 설명과 더불어 이러한 혁명적인 변화들이 산업구조나 일반인들의 생활에 어떠한 영향을 미치게 되는지 명쾌하게 설명하고 있다.','크리스토퍼 버냇/ 윤성호, 이경환','Kor','311','http://www.kpipa.or.kr/upload/book/KP0063/1384146731036_5017.jpg','http://www.kpipa.or.kr/info/recommYouthBookInfo.do?board_id=36&article_id=5017&book_info_id=7');
Insert into BTEAM.BOOK (TITLE,CREATOR,REGDATE,COLLECTIONDB,DESCRIPTION,RIGHTS,LANGUAGE,EXTENT,REFERENCEIDENTIFIER,URL) values ('와! 물맴이다','홈페이지','2020-08-16 00:26:42','추천도서_청소년권장도서','  생태 활동가인 저자가 거미에 이어 펴낸 두 번째 관찰 기록이다. 새벽들 아저씨(저자)를 만난 영서와 진욱은 아저씨와 함께 물속 생물 탐사에 나선다. 세 사람은 논과 둠벙, 계곡, 식물원 습지 생태원, 하천, 동네 물웅덩이 이렇게 다섯 군데를 찾아다니며 물속 생물을 관찰하고 기록한다.','손윤한','Kor','142','http://www.kpipa.or.kr/upload/201606/85059.8048835791720160628111231.jpg','http://www.kpipa.or.kr/info/recommYouthBookInfo.do?board_id=36&article_id=56875&book_info_id=5');
Insert into BTEAM.BOOK (TITLE,CREATOR,REGDATE,COLLECTIONDB,DESCRIPTION,RIGHTS,LANGUAGE,EXTENT,REFERENCEIDENTIFIER,URL) values ('우리 세상의 기호들','홈페이지','2020-08-16 00:26:42','추천도서_청소년권장도서',' 우리 생활에 다양하게 쓰이는 기호의 형태와 의미, 기호의 역사와 옛날 사람들이 남긴 기호의 흔적을 찾아가면서, 실용적인 정보를 통해 세상에 대한 통찰력을 한 차원 높이고, 사회 교과의 밑거름이 되는 인문 지식을 키워 주는 책이다.','유다정 글, 이현진 그림','Kor','132','http://www.kpipa.or.kr/upload/201604/2901.952361678372720160401112530.png','http://www.kpipa.or.kr/info/recommYouthBookInfo.do?board_id=36&article_id=46999&book_info_id=5');
Insert into BTEAM.BOOK (TITLE,CREATOR,REGDATE,COLLECTIONDB,DESCRIPTION,RIGHTS,LANGUAGE,EXTENT,REFERENCEIDENTIFIER,URL) values ('모든 순간의 물리학','홈페이지','2020-08-16 00:26:42','추천도서_청소년권장도서',' 20세기 이래로 물리학에 불어닥친 혁명의 두드러진 특징과 새로운 문제와 신비를 살펴본다. 20세기 물리학의 혁명을 일으킨 핵심 이론들뿐 아니라 가장 최근에 도입된 참신한 아이디어까지 매우 간결하게 소개하면서도, 전체적으로 우주를 새롭게 이해 하도록 해준다.','카를로 로벨리/김현주','Kor','140','http://www.kpipa.or.kr/upload/201604/79154.3046782412920160401112637.png','http://www.kpipa.or.kr/info/recommYouthBookInfo.do?board_id=36&article_id=46999&book_info_id=6');
Insert into BTEAM.BOOK (TITLE,CREATOR,REGDATE,COLLECTIONDB,DESCRIPTION,RIGHTS,LANGUAGE,EXTENT,REFERENCEIDENTIFIER,URL) values ('로봇 박사 데니스 홍의 꿈 설계도','홈페이지','2020-08-16 00:26:42','추천도서_청소년권장도서','  세계 최초로 시각장애인용 자동차를 개발한 과학자 데니스 홍의 이야기를 담은 책이다. 어릴 때 본 영화 <스타워즈>로 시작된 꿈이 로봇 연구소 설립으로 이어지기까지 수많은 좌절을 극복하고 노력했던 과정을 소개한다.','데니스 홍 글, 유준재 그림','Kor','160','http://www.kpipa.or.kr/upload/201410/66402.0712571696620141002105159.jpg','http://www.kpipa.or.kr/info/recommYouthBookInfo.do?board_id=36&article_id=19071&book_info_id=8');
Insert into BTEAM.BOOK (TITLE,CREATOR,REGDATE,COLLECTIONDB,DESCRIPTION,RIGHTS,LANGUAGE,EXTENT,REFERENCEIDENTIFIER,URL) values ('간서치 형제의 책 읽는 집','홈페이지','2020-08-16 00:26:42','추천도서_청소년권장도서','이덕무의 산문집 <이목구심서>에 수록되어있던 한 문장을 바탕으로 하여 쓰인 동화책이다. 25살의 이덕무와 그의 아우인 이공무가 1765년 겨울 허름한 초가집에서 책을 읽으며 지냈던 일화를 담았다. ','김주현 글, 윤종태 그림','Kor','72','http://www.kpipa.or.kr/upload/201407/1690.934705932256520140701110526.jpg','http://www.kpipa.or.kr/info/recommYouthBookInfo.do?board_id=36&article_id=18197&book_info_id=9');
Insert into BTEAM.BOOK (TITLE,CREATOR,REGDATE,COLLECTIONDB,DESCRIPTION,RIGHTS,LANGUAGE,EXTENT,REFERENCEIDENTIFIER,URL) values ('쇠이유, 문턱이라는 이름의 기적:길 잃은 아이들의 길 찾기 프로젝트','홈페이지','2020-08-16 00:26:42','추천도서_청소년권장도서','프랑스의 청소년 교화단체 `쇠이유''에서는 범죄를 저지른 아이를 소년원에 보내는 대신 동행자와 함께 도보여행을 보낸다. 2000km에 달하는 3개월 동안의 도보여행을 통해 아이들이 변화해가는 모습을 보여준다.','베르나르 올리비에 외/임수현','Kor','208','http://www.kpipa.or.kr/upload/201407/19254.3836894867420140701110220.jpg','http://www.kpipa.or.kr/info/recommYouthBookInfo.do?board_id=36&article_id=18197&book_info_id=5');
Insert into BTEAM.BOOK (TITLE,CREATOR,REGDATE,COLLECTIONDB,DESCRIPTION,RIGHTS,LANGUAGE,EXTENT,REFERENCEIDENTIFIER,URL) values ('다시, 봄·봄','홈페이지','2020-08-16 00:26:43','추천도서_청소년권장도서','전상국, 이순원 등 일곱 후배 작가들이 1930년대를 대표하는 청년 작가 김유정의 80주기를 기리며, 김유정의 대표작으로, 농촌의 계층과 계급에 대한 문제를 다루면서도 ‘웃음’과 ‘해학’이 두드러진 작품 「봄·봄」의 뒷이야기를 나름의 상상력으로 빚어내어 한 권의 책으로 묶었다. ','김유정기념사업회 ','Kor','168','http://www.kpipa.or.kr/upload/201705/18999.5447157632420170531113536.jpg','http://www.kpipa.or.kr/info/recommYouthBookInfo.do?board_id=36&article_id=67874&book_info_id=1');
Insert into BTEAM.BOOK (TITLE,CREATOR,REGDATE,COLLECTIONDB,DESCRIPTION,RIGHTS,LANGUAGE,EXTENT,REFERENCEIDENTIFIER,URL) values ('동급생','홈페이지','2020-08-16 00:26:43','추천도서_청소년권장도서','1930년대 독일 슈투트가르트를 배경으로 유대인 소년과 독일 귀족 소년의 우정을 그린 소설로, 나치즘과 홀로코스트의 시대를 다룬 소설 중에서 지금까지 널리 읽히는 책의 하나다. 1년 남짓한 시간 동안 강렬하게 사춘기 두 소년이 우정을 형성해 가는 과정을 생동감 있게 묘사했다. ','프레드 울만/황보석 ','Kor','160','http://www.kpipa.or.kr/upload/201705/60402.1727796162820170531113730.jpg','http://www.kpipa.or.kr/info/recommYouthBookInfo.do?board_id=36&article_id=67874&book_info_id=2');
Insert into BTEAM.BOOK (TITLE,CREATOR,REGDATE,COLLECTIONDB,DESCRIPTION,RIGHTS,LANGUAGE,EXTENT,REFERENCEIDENTIFIER,URL) values ('그때, 우리 할머니 ','홈페이지','2020-08-16 00:26:43','추천도서_청소년권장도서','동양화와 미술사를 공부한 25세 손녀가 89세 할머니의 시간을 글과 그림으로 기록한 책이다. 할머니의 이야기는 80여 년 전 옛날이야기가 아니라 우리보다 조금 빨리 이 세상을 살고 있는 한 여성의 삶의 기억이다. 할머니의 이야기에는 우리가 알지 못했던 역사의 또 다른 모습이 담겨 있다.','정숙진·윤여준 ','Kor','280','http://www.kpipa.or.kr/upload/201703/88175.9752917061720170331092225.jpg','http://www.kpipa.or.kr/info/recommYouthBookInfo.do?board_id=36&article_id=63924&book_info_id=1');
Insert into BTEAM.BOOK (TITLE,CREATOR,REGDATE,COLLECTIONDB,DESCRIPTION,RIGHTS,LANGUAGE,EXTENT,REFERENCEIDENTIFIER,URL) values ('언니들이 들려주는 얼렁뚝딱 동화 ','홈페이지','2020-08-16 00:26:43','추천도서_청소년권장도서',' <백설공주>, <잭과 콩나무>, <인어공주> 심지어 <흥부놀부> 까지 13개의 동화가 새롭게 태어났다. 우리가 이미 알고 있는 동화들을 신선하고 발칙한 발상을 가진 여고생들이 패러디하여 다시 썼다. 우리말과 영어, 두 가지 언어로 읽을 수 있는 색다른 동화의 맛을 느낄 수 있다.  ','이소연 외 ','Kor','80','http://www.kpipa.or.kr/upload/201703/48437.600121582120170331104928.jpg','http://www.kpipa.or.kr/info/recommYouthBookInfo.do?board_id=36&article_id=63924&book_info_id=10');
Insert into BTEAM.BOOK (TITLE,CREATOR,REGDATE,COLLECTIONDB,DESCRIPTION,RIGHTS,LANGUAGE,EXTENT,REFERENCEIDENTIFIER,URL) values ('알고 보면 재미있는 우리 민속의 유래','홈페이지','2020-08-16 00:26:43','추천도서_청소년권장도서','  이 책은 현대화 속에 점점 사라져 가는 우리 민속과 그 유래를 찾아 정리했다. 정월 대보름의 ''부럼 깨물기''와 ''다리 밟기'', 정월 초삼일부터 보름 사이에 행해진 ''문안비'' 등 이야기를 상세히 소개한다.','박호순','Kor','288','http://www.kpipa.or.kr/upload/201403/83599.1339903835620140304105215.jpg','http://www.kpipa.or.kr/info/recommYouthBookInfo.do?board_id=36&article_id=13981&book_info_id=3');
Insert into BTEAM.BOOK (TITLE,CREATOR,REGDATE,COLLECTIONDB,DESCRIPTION,RIGHTS,LANGUAGE,EXTENT,REFERENCEIDENTIFIER,URL) values ('세상을 행복하게 하는 작은 노력, 적정기술','홈페이지','2020-08-16 00:26:43','추천도서_청소년권장도서','재활용 페트병으로 만든 전구, 발판으로 물을 끌어올리는 펌프 등 간단하고 저렴하게 사용할 수 있는 적정기술을 소개하는 그림책이다. 세계 곳곳에는 도움이 필요한 사람들이 많이 있다는 사실을 환기시키고 적정기술의 필요성을 강조했다.','임정진 글, 심성엽 그림','Kor','52','http://www.kpipa.or.kr/upload/201410/40769.3970337411320141002105240.jpg','http://www.kpipa.or.kr/info/recommYouthBookInfo.do?board_id=36&article_id=19071&book_info_id=9');
Insert into BTEAM.BOOK (TITLE,CREATOR,REGDATE,COLLECTIONDB,DESCRIPTION,RIGHTS,LANGUAGE,EXTENT,REFERENCEIDENTIFIER,URL) values ('자스민, 어디로 가니?','홈페이지','2020-08-16 00:26:43','추천도서_청소년권장도서','그림이 있는 에세이집으로, 화가 김병종이 16년을 함께한 강아지가 죽은 후, 해소되지 않는 슬픔을 극복하기 위해 강아지와의 첫 만남부터 소중한 순간들을 한 장면 한 장면 천천히 되짚어가며 글과 그림으로 담아냈다.','김병종','Kor','164','http://www.kpipa.or.kr/upload/201410/43150.4262354724320141030105447.jpg','http://www.kpipa.or.kr/info/recommYouthBookInfo.do?board_id=36&article_id=19371&book_info_id=1');
Insert into BTEAM.BOOK (TITLE,CREATOR,REGDATE,COLLECTIONDB,DESCRIPTION,RIGHTS,LANGUAGE,EXTENT,REFERENCEIDENTIFIER,URL) values ('세계 어린이 인권 여행','홈페이지','2020-08-16 00:26:43','추천도서_청소년권장도서','UN 아동 권리 협약 40개 조항에 맞추어 저자가 직접 만난 전 세계 40명 어린이들의 이야기를 모은 책이다. UNICEF 네덜란드 위원회와 전문가들의 자문을 받아 아동 권리 협약을 이해하기 쉽게 설명하고 있다.','아렌트 판 담 글, 알렉스 데 볼프 그림/유동익','Kor','224','http://www.kpipa.or.kr/upload/201407/55943.9671157033720140701110313.jpg','http://www.kpipa.or.kr/info/recommYouthBookInfo.do?board_id=36&article_id=18197&book_info_id=6');
Insert into BTEAM.BOOK (TITLE,CREATOR,REGDATE,COLLECTIONDB,DESCRIPTION,RIGHTS,LANGUAGE,EXTENT,REFERENCEIDENTIFIER,URL) values ('파란파도','홈페이지','2020-08-16 00:26:43','추천도서_청소년권장도서','어느 마을에 파란 말이 태어나자 사람들은 ''파란파도''라는 이름을 지어주고 강인한 군마로 키운다. 매번 승리를 가져다주었지만 그만큼 비극을 불러온 파란파도는 자신의 존재에 의문을 가지게 된다. 흑·백·청의 강렬한 조합으로 비유와 상징을 담은 그림책이다.','유준재 글, 그림','Kor','56','http://www.kpipa.or.kr/upload/201410/11512.31425737098120141030111456.jpg','http://www.kpipa.or.kr/info/recommYouthBookInfo.do?board_id=36&article_id=19371&book_info_id=10');
Insert into BTEAM.BOOK (TITLE,CREATOR,REGDATE,COLLECTIONDB,DESCRIPTION,RIGHTS,LANGUAGE,EXTENT,REFERENCEIDENTIFIER,URL) values ('뭉크와 떠나는 미술관 여행','홈페이지','2020-08-16 00:26:43','추천도서_청소년권장도서','예술의전당에서 열린 에드바르드 뭉크 서울전시(2014.7.3.-10.12.)를 기념하여 뭉크의 전반적인 삶과 그의 예술세계를 살펴보며 그의 예술적, 철학적 메시지를 전달하고자 하는 취지에서 발간된 책이다. 어린이부터 성인까지 이해하기 쉽게 풀어썼다.','호정은 외','Kor','144','http://www.kpipa.or.kr/upload/201410/16378.00912643054820141030105529.jpg','http://www.kpipa.or.kr/info/recommYouthBookInfo.do?board_id=36&article_id=19371&book_info_id=2');
Insert into BTEAM.BOOK (TITLE,CREATOR,REGDATE,COLLECTIONDB,DESCRIPTION,RIGHTS,LANGUAGE,EXTENT,REFERENCEIDENTIFIER,URL) values ('바다박사가 될래요!','홈페이지','2020-08-16 00:26:43','추천도서_청소년권장도서','어린이들에게 바다에 대한 여러 가지 정보를 설명하는 책이다. 바다에 대하여 잘못 알고 있는 것들, 바다 생물에 대해 미처 몰랐던 재미있는 진실들 , 앞으로 바다가 우리에게 어떤 가치를 가지게 될 지 등을 47가지로 정리해 설명한다.','강대훈','Kor','244','http://www.kpipa.or.kr/upload/201401/58868.8030578997120140129132458.jpg','http://www.kpipa.or.kr/info/recommYouthBookInfo.do?board_id=36&article_id=11793&book_info_id=7');
Insert into BTEAM.BOOK (TITLE,CREATOR,REGDATE,COLLECTIONDB,DESCRIPTION,RIGHTS,LANGUAGE,EXTENT,REFERENCEIDENTIFIER,URL) values ('과학은 놀이다','홈페이지','2020-08-16 00:26:43','추천도서_청소년권장도서','인류가 즐겨온 다양한 놀이들이 단순한 소일거리가 아니라, 그 속에 다양한 과학적 원리가 숨어 있다는 것을 설명한다. 문명의 변화를 과학적으로 고찰하고 놀이 속에서 탄생한 인류 문화의 흐름까지 바라보고 있다.','최원석','Kor','368','http://www.kpipa.or.kr/upload/201407/41400.87274480567420140701110355.jpg','http://www.kpipa.or.kr/info/recommYouthBookInfo.do?board_id=36&article_id=18197&book_info_id=7');
Insert into BTEAM.BOOK (TITLE,CREATOR,REGDATE,COLLECTIONDB,DESCRIPTION,RIGHTS,LANGUAGE,EXTENT,REFERENCEIDENTIFIER,URL) values ('물고기 병정','홈페이지','2020-08-16 00:26:43','추천도서_청소년권장도서','우리나라에 분포하는 다양한 민물고기를 노래한 동시집이다. 붕어, 뱀장어, 가시고기를 비롯한 50여 종의 민물고기를 주제로 하여 물고기들의 생태적 특징과 습성을 동시로 풀어내었다. ','유은경 글, 노영주 그림','Kor','95','http://www.kpipa.or.kr/upload/201407/84580.1951345149920140701110442.jpg','http://www.kpipa.or.kr/info/recommYouthBookInfo.do?board_id=36&article_id=18197&book_info_id=8');
Insert into BTEAM.BOOK (TITLE,CREATOR,REGDATE,COLLECTIONDB,DESCRIPTION,RIGHTS,LANGUAGE,EXTENT,REFERENCEIDENTIFIER,URL) values ('오늘이','홈페이지','2020-08-16 00:26:43','추천도서_청소년권장도서','무속 신화의 보물 창고인 제주도의 신화들을 소개했다. 대표작 「오늘이」와 함께 소개되는 신화 이야기 속에서 우리 조상들의 상상력과 지혜를 엿볼 수 있다.','송재찬','Kor','248','http://www.kpipa.or.kr/upload/201401/98761.3112661047220140129132550.jpg','http://www.kpipa.or.kr/info/recommYouthBookInfo.do?board_id=36&article_id=11793&book_info_id=8');
Insert into BTEAM.BOOK (TITLE,CREATOR,REGDATE,COLLECTIONDB,DESCRIPTION,RIGHTS,LANGUAGE,EXTENT,REFERENCEIDENTIFIER,URL) values ('똥만이','홈페이지','2020-08-16 00:26:43','추천도서_청소년권장도서','개고기 파는 아버지에 때밀이 엄마를 둔, 경제적으로 풍요롭지는 않지만 곁에 있는 따뜻한 사람들 덕에 풍성한 삶을 사는 여덟살 동만이의 이야기다. 작가는 동만이를 통해 어려운 환경 속에서 사는 어린이가 따스한 사랑을 받을 수 있길 바라는 마음을 전하고 있다. ','박상규','Kor','264','http://www.kpipa.or.kr/upload/201501/65492.1641318406120150102111851.jpg','http://www.kpipa.or.kr/info/recommYouthBookInfo.do?board_id=36&article_id=25171&book_info_id=9');
Insert into BTEAM.BOOK (TITLE,CREATOR,REGDATE,COLLECTIONDB,DESCRIPTION,RIGHTS,LANGUAGE,EXTENT,REFERENCEIDENTIFIER,URL) values ('따뜻한 리더, 교황 프란치스코','홈페이지','2020-08-16 00:26:43','추천도서_청소년권장도서','바티칸 전문 비평가인 저자가 ''교황 프란치스코''의 말   과 생각, 개인적인 추억 등의 자료를 바탕으로 하여 지도자로서 교황의 모습에 대해 소개하는 책이다. 교황으로 선출되는 과정부터 교황이 된 후의 언행들을 알려준다.','안드레아 토르니엘리/이순미','Kor','200','http://www.kpipa.or.kr/upload/201407/67326.2201088841120140731180520.jpg','http://www.kpipa.or.kr/info/recommYouthBookInfo.do?board_id=36&article_id=18515&book_info_id=1');
REM INSERTING into BTEAM.CALENDAR_WEB
SET DEFINE OFF;
Insert into BTEAM.CALENDAR_WEB (ID,TITLE,WRITER,START1,END1,ALLDAY) values (268,'장애인식개선교육','2',to_date('2022-09-30 00:00:00','YYYY-MM-DD HH24:MI:SS'),to_date('2022-10-01 00:00:00','YYYY-MM-DD HH24:MI:SS'),'true');
Insert into BTEAM.CALENDAR_WEB (ID,TITLE,WRITER,START1,END1,ALLDAY) values (266,'언어문화개선주간','2',to_date('2022-10-04 00:00:00','YYYY-MM-DD HH24:MI:SS'),to_date('2022-10-15 00:00:00','YYYY-MM-DD HH24:MI:SS'),'true');
Insert into BTEAM.CALENDAR_WEB (ID,TITLE,WRITER,START1,END1,ALLDAY) values (267,'현장체험학습','2',to_date('2022-10-06 00:00:00','YYYY-MM-DD HH24:MI:SS'),to_date('2022-10-07 00:00:00','YYYY-MM-DD HH24:MI:SS'),'true');
Insert into BTEAM.CALENDAR_WEB (ID,TITLE,WRITER,START1,END1,ALLDAY) values (272,'한글날','2',to_date('2022-10-03 00:00:00','YYYY-MM-DD HH24:MI:SS'),to_date('2022-10-04 00:00:00','YYYY-MM-DD HH24:MI:SS'),'true');
Insert into BTEAM.CALENDAR_WEB (ID,TITLE,WRITER,START1,END1,ALLDAY) values (270,'학부모동아리 초록생활 실천연수','2',to_date('2022-10-18 00:00:00','YYYY-MM-DD HH24:MI:SS'),to_date('2022-10-19 00:00:00','YYYY-MM-DD HH24:MI:SS'),'true');
Insert into BTEAM.CALENDAR_WEB (ID,TITLE,WRITER,START1,END1,ALLDAY) values (311,'1','2',to_date('2022-11-01 00:00:00','YYYY-MM-DD HH24:MI:SS'),to_date('2022-11-03 00:00:00','YYYY-MM-DD HH24:MI:SS'),'true');
Insert into BTEAM.CALENDAR_WEB (ID,TITLE,WRITER,START1,END1,ALLDAY) values (254,'한글날','2',to_date('2022-10-09 00:00:00','YYYY-MM-DD HH24:MI:SS'),to_date('2022-10-10 00:00:00','YYYY-MM-DD HH24:MI:SS'),'true');
Insert into BTEAM.CALENDAR_WEB (ID,TITLE,WRITER,START1,END1,ALLDAY) values (255,'재난대응안전한국훈련','2',to_date('2022-11-21 00:00:00','YYYY-MM-DD HH24:MI:SS'),to_date('2022-11-23 00:00:00','YYYY-MM-DD HH24:MI:SS'),'true');
Insert into BTEAM.CALENDAR_WEB (ID,TITLE,WRITER,START1,END1,ALLDAY) values (253,'현장체험학습주간','2',to_date('2022-11-07 00:00:00','YYYY-MM-DD HH24:MI:SS'),to_date('2022-11-12 00:00:00','YYYY-MM-DD HH24:MI:SS'),'true');
Insert into BTEAM.CALENDAR_WEB (ID,TITLE,WRITER,START1,END1,ALLDAY) values (257,'카이스트 지식나눔','2',to_date('2022-10-31 00:00:00','YYYY-MM-DD HH24:MI:SS'),to_date('2022-11-01 00:00:00','YYYY-MM-DD HH24:MI:SS'),'true');
Insert into BTEAM.CALENDAR_WEB (ID,TITLE,WRITER,START1,END1,ALLDAY) values (262,'학교폭력예방 및 친구사랑 실천 주간','2',to_date('2022-12-02 00:00:00','YYYY-MM-DD HH24:MI:SS'),to_date('2022-12-06 00:00:00','YYYY-MM-DD HH24:MI:SS'),'true');
Insert into BTEAM.CALENDAR_WEB (ID,TITLE,WRITER,START1,END1,ALLDAY) values (260,'역사로 배우는 세계시민','2',to_date('2022-11-18 00:00:00','YYYY-MM-DD HH24:MI:SS'),to_date('2022-11-19 00:00:00','YYYY-MM-DD HH24:MI:SS'),'true');
Insert into BTEAM.CALENDAR_WEB (ID,TITLE,WRITER,START1,END1,ALLDAY) values (263,'학교로 찾아가는 꿈의 책 버스','2',to_date('2022-11-21 00:00:00','YYYY-MM-DD HH24:MI:SS'),to_date('2022-11-22 00:00:00','YYYY-MM-DD HH24:MI:SS'),'true');
Insert into BTEAM.CALENDAR_WEB (ID,TITLE,WRITER,START1,END1,ALLDAY) values (264,'언어문화개선주간','2',to_date('2022-11-15 00:00:00','YYYY-MM-DD HH24:MI:SS'),to_date('2022-11-18 00:00:00','YYYY-MM-DD HH24:MI:SS'),'true');
Insert into BTEAM.CALENDAR_WEB (ID,TITLE,WRITER,START1,END1,ALLDAY) values (265,'책나래주간','2',to_date('2022-11-21 00:00:00','YYYY-MM-DD HH24:MI:SS'),to_date('2022-11-26 00:00:00','YYYY-MM-DD HH24:MI:SS'),'true');
Insert into BTEAM.CALENDAR_WEB (ID,TITLE,WRITER,START1,END1,ALLDAY) values (222,'안전점검데이','2',to_date('2022-11-04 00:00:00','YYYY-MM-DD HH24:MI:SS'),to_date('2022-11-05 00:00:00','YYYY-MM-DD HH24:MI:SS'),'true');
REM INSERTING into BTEAM.CATEGORY_QNA
SET DEFINE OFF;
Insert into BTEAM.CATEGORY_QNA (ID,TITLE) values (1,'질문과 답변');
Insert into BTEAM.CATEGORY_QNA (ID,TITLE) values (2,'자주묻는 질문');
REM INSERTING into BTEAM.CLASS_CODE
SET DEFINE OFF;
Insert into BTEAM.CLASS_CODE (GRADE_CLASS_CODE,SCHOOL_ID) values (101,7061074);
Insert into BTEAM.CLASS_CODE (GRADE_CLASS_CODE,SCHOOL_ID) values (101,7261080);
Insert into BTEAM.CLASS_CODE (GRADE_CLASS_CODE,SCHOOL_ID) values (101,7401189);
Insert into BTEAM.CLASS_CODE (GRADE_CLASS_CODE,SCHOOL_ID) values (102,7191067);
Insert into BTEAM.CLASS_CODE (GRADE_CLASS_CODE,SCHOOL_ID) values (102,7401189);
Insert into BTEAM.CLASS_CODE (GRADE_CLASS_CODE,SCHOOL_ID) values (103,8561023);
Insert into BTEAM.CLASS_CODE (GRADE_CLASS_CODE,SCHOOL_ID) values (104,7401189);
Insert into BTEAM.CLASS_CODE (GRADE_CLASS_CODE,SCHOOL_ID) values (201,7261080);
Insert into BTEAM.CLASS_CODE (GRADE_CLASS_CODE,SCHOOL_ID) values (202,7341054);
Insert into BTEAM.CLASS_CODE (GRADE_CLASS_CODE,SCHOOL_ID) values (202,7401189);
Insert into BTEAM.CLASS_CODE (GRADE_CLASS_CODE,SCHOOL_ID) values (204,8831058);
Insert into BTEAM.CLASS_CODE (GRADE_CLASS_CODE,SCHOOL_ID) values (301,7451117);
Insert into BTEAM.CLASS_CODE (GRADE_CLASS_CODE,SCHOOL_ID) values (302,7491131);
Insert into BTEAM.CLASS_CODE (GRADE_CLASS_CODE,SCHOOL_ID) values (305,7401189);
Insert into BTEAM.CLASS_CODE (GRADE_CLASS_CODE,SCHOOL_ID) values (401,9300214);
Insert into BTEAM.CLASS_CODE (GRADE_CLASS_CODE,SCHOOL_ID) values (402,7401189);
Insert into BTEAM.CLASS_CODE (GRADE_CLASS_CODE,SCHOOL_ID) values (402,7751326);
Insert into BTEAM.CLASS_CODE (GRADE_CLASS_CODE,SCHOOL_ID) values (406,9296038);
Insert into BTEAM.CLASS_CODE (GRADE_CLASS_CODE,SCHOOL_ID) values (501,7191082);
Insert into BTEAM.CLASS_CODE (GRADE_CLASS_CODE,SCHOOL_ID) values (501,7871020);
Insert into BTEAM.CLASS_CODE (GRADE_CLASS_CODE,SCHOOL_ID) values (502,8011307);
Insert into BTEAM.CLASS_CODE (GRADE_CLASS_CODE,SCHOOL_ID) values (505,7401189);
Insert into BTEAM.CLASS_CODE (GRADE_CLASS_CODE,SCHOOL_ID) values (601,7401189);
Insert into BTEAM.CLASS_CODE (GRADE_CLASS_CODE,SCHOOL_ID) values (601,8181150);
Insert into BTEAM.CLASS_CODE (GRADE_CLASS_CODE,SCHOOL_ID) values (602,7401189);
Insert into BTEAM.CLASS_CODE (GRADE_CLASS_CODE,SCHOOL_ID) values (602,8451020);
Insert into BTEAM.CLASS_CODE (GRADE_CLASS_CODE,SCHOOL_ID) values (605,7401189);
REM INSERTING into BTEAM.EDU_ACADEMY
SET DEFINE OFF;
Insert into BTEAM.EDU_ACADEMY (USERID,ACADEMY_NAME,STATUS,FIELD,ADDR,DETAIL_ADDR,OFFICE_CODE,HEART_ACA) values ('2','1등급국어한국사학원','개원','보습/','광주광역시 서구 화운로23번길 7-3','/ 2층 일부 (화정동)','F10',null);
Insert into BTEAM.EDU_ACADEMY (USERID,ACADEMY_NAME,STATUS,FIELD,ADDR,DETAIL_ADDR,OFFICE_CODE,HEART_ACA) values ('2','화정힐스테이트해법중국어교습소','개원','중국어 초등A','광주광역시 서구 화운로 24','/ 상가1동 203호 (화정동/유니버시아드힐스테이트)','F10',null);
Insert into BTEAM.EDU_ACADEMY (USERID,ACADEMY_NAME,STATUS,FIELD,ADDR,DETAIL_ADDR,OFFICE_CODE,HEART_ACA) values ('tea','YHC(와이에이치시)수학영어학원','개원','null','광주광역시 서구 화개1로 59-1','/ 2층 일부 (금호동)','F10',null);
Insert into BTEAM.EDU_ACADEMY (USERID,ACADEMY_NAME,STATUS,FIELD,ADDR,DETAIL_ADDR,OFFICE_CODE,HEART_ACA) values ('gana','고려검정고시학원','개원','검정/','광주광역시 서구 무진대로 907','/ 7층 (광천동)','F10',null);
Insert into BTEAM.EDU_ACADEMY (USERID,ACADEMY_NAME,STATUS,FIELD,ADDR,DETAIL_ADDR,OFFICE_CODE,HEART_ACA) values ('tea','mbc엠비씨아카데미라이브방송교육학원','개원','웅변/','광주광역시 서구 마륵로 112','/ 2층 (치평동)','F10',null);
Insert into BTEAM.EDU_ACADEMY (USERID,ACADEMY_NAME,STATUS,FIELD,ADDR,DETAIL_ADDR,OFFICE_CODE,HEART_ACA) values ('gana','한쌤영어교습소','개원','null','광주광역시 서구 염화로 104','/ 4층 일부 (화정동)','F10',null);
Insert into BTEAM.EDU_ACADEMY (USERID,ACADEMY_NAME,STATUS,FIELD,ADDR,DETAIL_ADDR,OFFICE_CODE,HEART_ACA) values ('tea','JS퀴진요리학원','개원','null','광주광역시 서구 죽봉대로 25','/ 1/2/3층 (화정동)','F10',1);
Insert into BTEAM.EDU_ACADEMY (USERID,ACADEMY_NAME,STATUS,FIELD,ADDR,DETAIL_ADDR,OFFICE_CODE,HEART_ACA) values ('dara','광주종로보습학원','개원','보습/','광주광역시 서구 상일로24번길 17','/ 2층일부 (쌍촌동)','F10',null);
Insert into BTEAM.EDU_ACADEMY (USERID,ACADEMY_NAME,STATUS,FIELD,ADDR,DETAIL_ADDR,OFFICE_CODE,HEART_ACA) values ('tea','힐스피아노교습소','개원','피아노초급','광주광역시 서구 화운로 24','/ 상가1동 204호  (화정동/유니버시아드 힐스테이트3단지)','F10',1);
Insert into BTEAM.EDU_ACADEMY (USERID,ACADEMY_NAME,STATUS,FIELD,ADDR,DETAIL_ADDR,OFFICE_CODE,HEART_ACA) values ('tea','경진수학금호학원','개원','보습/','광주광역시 서구 금화로 54','/ 거북빌딩 403호 (금호동/거북빌딩)','F10',1);
Insert into BTEAM.EDU_ACADEMY (USERID,ACADEMY_NAME,STATUS,FIELD,ADDR,DETAIL_ADDR,OFFICE_CODE,HEART_ACA) values ('tea','광주청담어학원','개원','실용외국어(유아/초·중·고)/','광주광역시 서구 상무중앙로 90','/ 3층일부 (치평동/우리은행상무지점)','F10',1);
Insert into BTEAM.EDU_ACADEMY (USERID,ACADEMY_NAME,STATUS,FIELD,ADDR,DETAIL_ADDR,OFFICE_CODE,HEART_ACA) values ('tea','(풍암점)벨칸토음악학원','개원','실용음악(성악)/','광주광역시 서구 풍암1로 17','/ 3층 (풍암동)','F10',1);
Insert into BTEAM.EDU_ACADEMY (USERID,ACADEMY_NAME,STATUS,FIELD,ADDR,DETAIL_ADDR,OFFICE_CODE,HEART_ACA) values ('2','The(더)쉬운수학학원','개원','보습/','광주광역시 서구 상무버들로 34','/ 3층일부 (유촌동)','F10',null);
Insert into BTEAM.EDU_ACADEMY (USERID,ACADEMY_NAME,STATUS,FIELD,ADDR,DETAIL_ADDR,OFFICE_CODE,HEART_ACA) values ('2','그랑제이키즈발레학원','개원','null','광주광역시 서구 금화로383번길 10','/ 3층일부 (화정동)','F10',null);
Insert into BTEAM.EDU_ACADEMY (USERID,ACADEMY_NAME,STATUS,FIELD,ADDR,DETAIL_ADDR,OFFICE_CODE,HEART_ACA) values ('2','광천GnB영어전문학원','개원','보습/','광주광역시 서구 화운로304번길 28','/ 평화빌딩 2층 (광천동)','F10',null);
Insert into BTEAM.EDU_ACADEMY (USERID,ACADEMY_NAME,STATUS,FIELD,ADDR,DETAIL_ADDR,OFFICE_CODE,HEART_ACA) values ('2','가온독서실','개원','독서실(유아/초·중·고)/','광주광역시 서구 월드컵4강로 72','/ 2/3층 (화정동)','F10',null);
Insert into BTEAM.EDU_ACADEMY (USERID,ACADEMY_NAME,STATUS,FIELD,ADDR,DETAIL_ADDR,OFFICE_CODE,HEART_ACA) values ('2','광주라이프러리독서실','개원','독서실(유아/초·중·고)/','광주광역시 서구 풍암1로21번길 3-11','/ 2층 (풍암동/운회빌딩)','F10',null);
Insert into BTEAM.EDU_ACADEMY (USERID,ACADEMY_NAME,STATUS,FIELD,ADDR,DETAIL_ADDR,OFFICE_CODE,HEART_ACA) values ('2','그린숲미술학원','개원','미술/','광주광역시 서구 유림로98번길 9','/ 2층일부 (동천동)','F10',null);
Insert into BTEAM.EDU_ACADEMY (USERID,ACADEMY_NAME,STATUS,FIELD,ADDR,DETAIL_ADDR,OFFICE_CODE,HEART_ACA) values ('2','BMA리틀팍스외국어학원','개원','실용외국어(유아/초·중·고)/','광주광역시 서구 풍암중앙로 43','/ 2층 (풍암동/황금빌딩)','F10',null);
Insert into BTEAM.EDU_ACADEMY (USERID,ACADEMY_NAME,STATUS,FIELD,ADDR,DETAIL_ADDR,OFFICE_CODE,HEART_ACA) values ('2','호반칸타빌레피아노교습소','개원','피아노(초급)','광주광역시 서구 상일로 50','/ 4층일부 (쌍촌동)','F10',null);
REM INSERTING into BTEAM.EDU_BOOK
SET DEFINE OFF;
REM INSERTING into BTEAM.EVENTS
SET DEFINE OFF;
Insert into BTEAM.EVENTS (MEMBER_ID,SUCCESS_DAY,SUCCCESS_CNT) values ('stu15',to_date('2022-10-08 14:46:36','YYYY-MM-DD HH24:MI:SS'),21);
Insert into BTEAM.EVENTS (MEMBER_ID,SUCCESS_DAY,SUCCCESS_CNT) values ('tlsgid666@naver.com',to_date('2022-10-27 20:27:30','YYYY-MM-DD HH24:MI:SS'),0);
Insert into BTEAM.EVENTS (MEMBER_ID,SUCCESS_DAY,SUCCCESS_CNT) values ('stu2',to_date('2022-10-06 00:09:39','YYYY-MM-DD HH24:MI:SS'),18);
Insert into BTEAM.EVENTS (MEMBER_ID,SUCCESS_DAY,SUCCCESS_CNT) values ('stu3',to_date('2022-10-21 16:39:26','YYYY-MM-DD HH24:MI:SS'),19);
Insert into BTEAM.EVENTS (MEMBER_ID,SUCCESS_DAY,SUCCCESS_CNT) values ('maba',to_date('2022-10-23 17:34:43','YYYY-MM-DD HH24:MI:SS'),0);
Insert into BTEAM.EVENTS (MEMBER_ID,SUCCESS_DAY,SUCCCESS_CNT) values ('2',to_date('2022-10-21 11:22:23','YYYY-MM-DD HH24:MI:SS'),1);
Insert into BTEAM.EVENTS (MEMBER_ID,SUCCESS_DAY,SUCCCESS_CNT) values ('tea',to_date('2022-10-05 03:31:25','YYYY-MM-DD HH24:MI:SS'),0);
Insert into BTEAM.EVENTS (MEMBER_ID,SUCCESS_DAY,SUCCCESS_CNT) values ('stu1',to_date('2022-10-05 23:42:53','YYYY-MM-DD HH24:MI:SS'),19);
Insert into BTEAM.EVENTS (MEMBER_ID,SUCCESS_DAY,SUCCCESS_CNT) values ('dara',to_date('2022-10-22 20:36:21','YYYY-MM-DD HH24:MI:SS'),3);
Insert into BTEAM.EVENTS (MEMBER_ID,SUCCESS_DAY,SUCCCESS_CNT) values ('gana',to_date('2022-10-22 20:36:39','YYYY-MM-DD HH24:MI:SS'),1);
Insert into BTEAM.EVENTS (MEMBER_ID,SUCCESS_DAY,SUCCCESS_CNT) values ('stu14',to_date('2022-10-26 00:00:00','YYYY-MM-DD HH24:MI:SS'),0);
REM INSERTING into BTEAM.IOT
SET DEFINE OFF;
Insert into BTEAM.IOT (FILEPATH,FILENAME) values ('http://192.168.0.58/bteam/upload/iot/2022/10/22/20221022173344.jpg','20221022173344.jpg');
Insert into BTEAM.IOT (FILEPATH,FILENAME) values ('http://192.168.0.58/bteam/upload/iot/2022/10/27/20221027181059.jpg','20221027181059.jpg');
Insert into BTEAM.IOT (FILEPATH,FILENAME) values ('http://192.168.0.58/bteam/upload/iot/2022/10/27/20221027181038.jpg','20221027181038.jpg');
Insert into BTEAM.IOT (FILEPATH,FILENAME) values ('http://192.168.0.58/bteam/upload/iot/2022/10/20/20221020151320.jpg','20221020151320.jpg');
Insert into BTEAM.IOT (FILEPATH,FILENAME) values ('http://192.168.0.58/bteam/upload/iot/2022/10/20/20221020152535.jpg','20221020152535.jpg');
Insert into BTEAM.IOT (FILEPATH,FILENAME) values ('http://192.168.0.58/bteam/upload/iot/2022/10/20/20221020154011.jpg','20221020154011.jpg');
Insert into BTEAM.IOT (FILEPATH,FILENAME) values ('http://192.168.0.58/bteam/upload/iot/2022/10/20/20221020151305.jpg','20221020151305.jpg');
Insert into BTEAM.IOT (FILEPATH,FILENAME) values ('http://192.168.0.58/bteam/upload/iot/2022/10/20/20221020154045.jpg','20221020154045.jpg');
Insert into BTEAM.IOT (FILEPATH,FILENAME) values ('http://192.168.0.58/bteam/upload/iot/2022/10/20/20221020160800.jpg','20221020160800.jpg');
Insert into BTEAM.IOT (FILEPATH,FILENAME) values ('http://192.168.0.58/bteam/upload/iot/2022/10/20/20221020160808.jpg','20221020160808.jpg');
Insert into BTEAM.IOT (FILEPATH,FILENAME) values ('http://192.168.0.58/bteam/upload/iot/2022/10/20/20221020160728.jpg','20221020160728.jpg');
Insert into BTEAM.IOT (FILEPATH,FILENAME) values ('http://192.168.0.58/bteam/upload/iot/2022/10/20/20221020154030.jpg','20221020154030.jpg');
REM INSERTING into BTEAM.MEMBER
SET DEFINE OFF;
Insert into BTEAM.MEMBER (USERID,NAME,USERPW,PHONE,PARENT_PHONE,GENDER,BIRTH,PROFILE,NICKNAME,SOCIAL,MEMBER_GRP,GRADE_CLASS_CODE,SCHOOL_ID,TEACHER) values ('ana','서아나','ana','01022223333','01033332222','F',to_date('2015-10-03 00:00:00','YYYY-MM-DD HH24:MI:SS'),'http://192.168.0.119:81/bteam/upload/andinfo/2022/10/06/8ff7370a-0a5c-4136-9471-95294a796110_profile.png','아놔','N','S',505,7401189,null);
Insert into BTEAM.MEMBER (USERID,NAME,USERPW,PHONE,PARENT_PHONE,GENDER,BIRTH,PROFILE,NICKNAME,SOCIAL,MEMBER_GRP,GRADE_CLASS_CODE,SCHOOL_ID,TEACHER) values ('tlsgid666@naver.com','22',null,'01000000090',null,'F',to_date('2014-09-08 00:00:00','YYYY-MM-DD HH24:MI:SS'),'https://k.kakaocdn.net/dn/dpk9l1/btqmGhA2lKL/Oz0wDuJn1YV2DIn92f6DVK/img_640x640.jpg','YSH','Y','S',602,7401189,null);
Insert into BTEAM.MEMBER (USERID,NAME,USERPW,PHONE,PARENT_PHONE,GENDER,BIRTH,PROFILE,NICKNAME,SOCIAL,MEMBER_GRP,GRADE_CLASS_CODE,SCHOOL_ID,TEACHER) values ('yg','유지혜','yg','01021232123',null,'F',to_date('1994-09-02 16:57:49','YYYY-MM-DD HH24:MI:SS'),'http://192.168.0.119:81/bteam/upload/andinfo/2022/10/06/8ff7370a-0a5c-4136-9471-95294a796110_profile.png','선생님','N','T',501,7191082,null);
Insert into BTEAM.MEMBER (USERID,NAME,USERPW,PHONE,PARENT_PHONE,GENDER,BIRTH,PROFILE,NICKNAME,SOCIAL,MEMBER_GRP,GRADE_CLASS_CODE,SCHOOL_ID,TEACHER) values ('d','신타파','d','01044445555','01055554444','M',to_date('0015-11-07 00:00:00','YYYY-MM-DD HH24:MI:SS'),'http://192.168.0.119:81/bteam/upload/andinfo/2022/10/06/8ff7370a-0a5c-4136-9471-95294a796110_profile.png','하하하','N','S',505,7401189,null);
Insert into BTEAM.MEMBER (USERID,NAME,USERPW,PHONE,PARENT_PHONE,GENDER,BIRTH,PROFILE,NICKNAME,SOCIAL,MEMBER_GRP,GRADE_CLASS_CODE,SCHOOL_ID,TEACHER) values ('stu141','이름','Asdf123','01055555555',null,'F',to_date('0014-06-11 00:00:00','YYYY-MM-DD HH24:MI:SS'),null,'이름',null,'S',101,7401189,null);
Insert into BTEAM.MEMBER (USERID,NAME,USERPW,PHONE,PARENT_PHONE,GENDER,BIRTH,PROFILE,NICKNAME,SOCIAL,MEMBER_GRP,GRADE_CLASS_CODE,SCHOOL_ID,TEACHER) values ('one','채형원','one','01075391135',null,'M',to_date('1994-01-15 00:00:00','YYYY-MM-DD HH24:MI:SS'),'http://192.168.0.119:81/bteam/upload/andinfo/2022/10/06/8ff7370a-0a5c-4136-9471-95294a796110_profile.png','채둘리','N','T',101,7261080,null);
Insert into BTEAM.MEMBER (USERID,NAME,USERPW,PHONE,PARENT_PHONE,GENDER,BIRTH,PROFILE,NICKNAME,SOCIAL,MEMBER_GRP,GRADE_CLASS_CODE,SCHOOL_ID,TEACHER) values ('jyp','박진영','jyp','01000110011','01011001100','M',to_date('2012-09-07 01:47:28','YYYY-MM-DD HH24:MI:SS'),'http://192.168.0.119:81/bteam/upload/andinfo/2022/10/06/8ff7370a-0a5c-4136-9471-95294a796110_profile.png','내가누구게','N','S',501,7191082,'유지혜');
Insert into BTEAM.MEMBER (USERID,NAME,USERPW,PHONE,PARENT_PHONE,GENDER,BIRTH,PROFILE,NICKNAME,SOCIAL,MEMBER_GRP,GRADE_CLASS_CODE,SCHOOL_ID,TEACHER) values ('a','류아하','a','01011112222','01022221111','F',to_date('0015-10-04 00:00:00','YYYY-MM-DD HH24:MI:SS'),'http://192.168.0.119:81/bteam/upload/andinfo/2022/10/06/8ff7370a-0a5c-4136-9471-95294a796110_profile.png','8282','N','S',505,7401189,null);
Insert into BTEAM.MEMBER (USERID,NAME,USERPW,PHONE,PARENT_PHONE,GENDER,BIRTH,PROFILE,NICKNAME,SOCIAL,MEMBER_GRP,GRADE_CLASS_CODE,SCHOOL_ID,TEACHER) values ('b','김지은','b','01022223333','01033332222','F',to_date('0015-03-16 00:00:00','YYYY-MM-DD HH24:MI:SS'),'http://192.168.0.119:81/bteam/upload/andinfo/2022/10/06/8ff7370a-0a5c-4136-9471-95294a796110_profile.png','7979','N','S',505,7401189,null);
Insert into BTEAM.MEMBER (USERID,NAME,USERPW,PHONE,PARENT_PHONE,GENDER,BIRTH,PROFILE,NICKNAME,SOCIAL,MEMBER_GRP,GRADE_CLASS_CODE,SCHOOL_ID,TEACHER) values ('c','임혜리','c','01033334444','01044443333','F',to_date('0015-12-25 00:00:00','YYYY-MM-DD HH24:MI:SS'),'http://192.168.0.119:81/bteam/upload/andinfo/2022/10/06/8ff7370a-0a5c-4136-9471-95294a796110_profile.png','4242','N','S',505,7401189,null);
Insert into BTEAM.MEMBER (USERID,NAME,USERPW,PHONE,PARENT_PHONE,GENDER,BIRTH,PROFILE,NICKNAME,SOCIAL,MEMBER_GRP,GRADE_CLASS_CODE,SCHOOL_ID,TEACHER) values ('4A6PX3DTXb1pddfcoVPfjHe9fhxc3l1heD9o-Hgsb2M','안효은',null,'010-2006-0219',null,'F',to_date('0014-12-25 00:00:00','YYYY-MM-DD HH24:MI:SS'),null,'벌쓰','Y','S',602,7401189,null);
Insert into BTEAM.MEMBER (USERID,NAME,USERPW,PHONE,PARENT_PHONE,GENDER,BIRTH,PROFILE,NICKNAME,SOCIAL,MEMBER_GRP,GRADE_CLASS_CODE,SCHOOL_ID,TEACHER) values ('Bts7like','윤아	미	','Bts7like','01020140603','01006032014','F',to_date('0014-06-03 00:00:00','YYYY-MM-DD HH24:MI:SS'),'http://192.168.0.119:81/bteam/upload/andinfo/2022/10/06/8ff7370a-0a5c-4136-9471-95294a796110_profile.png','달려라방탄','N','S',602,7401189,null);
Insert into BTEAM.MEMBER (USERID,NAME,USERPW,PHONE,PARENT_PHONE,GENDER,BIRTH,PROFILE,NICKNAME,SOCIAL,MEMBER_GRP,GRADE_CLASS_CODE,SCHOOL_ID,TEACHER) values ('stu1','유라헬','stu1','01086221713','01093114636','F',to_date('2015-08-19 00:00:00','YYYY-MM-DD HH24:MI:SS'),'http://192.168.0.119:81/bteam/upload/andinfo/2022/10/06/1b64708e-daee-4b89-ad51-c1bbc47bd3b9_profile.png','걱정스러운병아리','N','S',101,7401189,'김영문');
Insert into BTEAM.MEMBER (USERID,NAME,USERPW,PHONE,PARENT_PHONE,GENDER,BIRTH,PROFILE,NICKNAME,SOCIAL,MEMBER_GRP,GRADE_CLASS_CODE,SCHOOL_ID,TEACHER) values ('2','김영문','2','01086215891',null,'M',to_date('1989-04-30 12:59:58','YYYY-MM-DD HH24:MI:SS'),'http://192.168.0.119:81/bteam/upload/andinfo/2022/10/21/28141f12-3fb6-4cd8-aa6a-20226dcce870_profile.png','영투더문','N','T',101,7401189,null);
Insert into BTEAM.MEMBER (USERID,NAME,USERPW,PHONE,PARENT_PHONE,GENDER,BIRTH,PROFILE,NICKNAME,SOCIAL,MEMBER_GRP,GRADE_CLASS_CODE,SCHOOL_ID,TEACHER) values ('stu15','박수민','stu15','01041323994','01012345678','M',to_date('2015-07-14 13:01:20','YYYY-MM-DD HH24:MI:SS'),'http://192.168.0.119:81/bteam/upload/andinfo/2022/10/06/8ff7370a-0a5c-4136-9471-95294a796110_profile.png','자랑스러운사막여우','N','S',102,7191067,null);
Insert into BTEAM.MEMBER (USERID,NAME,USERPW,PHONE,PARENT_PHONE,GENDER,BIRTH,PROFILE,NICKNAME,SOCIAL,MEMBER_GRP,GRADE_CLASS_CODE,SCHOOL_ID,TEACHER) values ('stu2','조해나','stu2','01031471623','01098421233','F',to_date('2015-01-07 13:01:30','YYYY-MM-DD HH24:MI:SS'),'http://192.168.0.119:81/bteam/upload/andinfo/2022/10/06/a25fa71e-4781-48f9-889e-07c040117980_profile.png','나는부럽지가않아','N','S',101,7401189,'김영문');
Insert into BTEAM.MEMBER (USERID,NAME,USERPW,PHONE,PARENT_PHONE,GENDER,BIRTH,PROFILE,NICKNAME,SOCIAL,MEMBER_GRP,GRADE_CLASS_CODE,SCHOOL_ID,TEACHER) values ('stu3','진하윤','stu3','01092347722','01097132656','F',to_date('2015-02-23 13:02:27','YYYY-MM-DD HH24:MI:SS'),'http://192.168.0.119:81/bteam/upload/andinfo/2022/10/06/c583999d-6423-4fdb-9e92-5431a9af9455_profile.png','해맑은woo','N','S',101,7401189,'김영문');
Insert into BTEAM.MEMBER (USERID,NAME,USERPW,PHONE,PARENT_PHONE,GENDER,BIRTH,PROFILE,NICKNAME,SOCIAL,MEMBER_GRP,GRADE_CLASS_CODE,SCHOOL_ID,TEACHER) values ('stu4','한하정','stu4','01075321543','01087651321','M',to_date('2015-03-27 13:02:37','YYYY-MM-DD HH24:MI:SS'),'http://192.168.0.119:81/bteam/upload/andinfo/2022/10/06/4398129e-84a7-427b-8d2a-d72269d421f3_profile.png','부둑부둑한노란탱','N','S',101,7401189,'김영문');
Insert into BTEAM.MEMBER (USERID,NAME,USERPW,PHONE,PARENT_PHONE,GENDER,BIRTH,PROFILE,NICKNAME,SOCIAL,MEMBER_GRP,GRADE_CLASS_CODE,SCHOOL_ID,TEACHER) values ('stu5','김소윤','stu5','01086213547','01098213218','M',to_date('2015-04-02 13:05:54','YYYY-MM-DD HH24:MI:SS'),'http://192.168.0.119:81/bteam/upload/andinfo/2022/10/06/4377f5ba-f46a-4f92-931a-b4c1ccae9ebd_profile.png','푸푸다다럽','N','S',101,7401189,'김영문');
Insert into BTEAM.MEMBER (USERID,NAME,USERPW,PHONE,PARENT_PHONE,GENDER,BIRTH,PROFILE,NICKNAME,SOCIAL,MEMBER_GRP,GRADE_CLASS_CODE,SCHOOL_ID,TEACHER) values ('stu6','조현서','stu6','01084945645','01098714895','M',to_date('2015-05-08 13:06:07','YYYY-MM-DD HH24:MI:SS'),'http://192.168.0.119:81/bteam/upload/andinfo/2022/10/06/8ff7370a-0a5c-4136-9471-95294a796110_profile.png','달기공쥬','N','S',101,7401189,'김영문');
Insert into BTEAM.MEMBER (USERID,NAME,USERPW,PHONE,PARENT_PHONE,GENDER,BIRTH,PROFILE,NICKNAME,SOCIAL,MEMBER_GRP,GRADE_CLASS_CODE,SCHOOL_ID,TEACHER) values ('stu7','김민서','stu7','01089161866','01087351653','M',to_date('2015-06-27 13:06:16','YYYY-MM-DD HH24:MI:SS'),'http://192.168.0.119:81/bteam/upload/andinfo/2022/10/06/8ff7370a-0a5c-4136-9471-95294a796110_profile.png','하이루루','N','S',101,7401189,'김영문');
Insert into BTEAM.MEMBER (USERID,NAME,USERPW,PHONE,PARENT_PHONE,GENDER,BIRTH,PROFILE,NICKNAME,SOCIAL,MEMBER_GRP,GRADE_CLASS_CODE,SCHOOL_ID,TEACHER) values ('stu8','성은제','stu8','01087453213','01015665865','F',to_date('2015-09-13 13:07:39','YYYY-MM-DD HH24:MI:SS'),'http://192.168.0.119:81/bteam/upload/andinfo/2022/10/06/8ff7370a-0a5c-4136-9471-95294a796110_profile.png','유냥이들','N','S',101,7401189,'김영문');
Insert into BTEAM.MEMBER (USERID,NAME,USERPW,PHONE,PARENT_PHONE,GENDER,BIRTH,PROFILE,NICKNAME,SOCIAL,MEMBER_GRP,GRADE_CLASS_CODE,SCHOOL_ID,TEACHER) values ('stu9','김은아','stu9','01087945216','01087543213','F',to_date('2015-10-01 13:08:27','YYYY-MM-DD HH24:MI:SS'),'http://192.168.0.119:81/bteam/upload/play/image1.png','오다가주웠다','N','S',101,7401189,'김영문');
Insert into BTEAM.MEMBER (USERID,NAME,USERPW,PHONE,PARENT_PHONE,GENDER,BIRTH,PROFILE,NICKNAME,SOCIAL,MEMBER_GRP,GRADE_CLASS_CODE,SCHOOL_ID,TEACHER) values ('stu10','서희서','stu10','01086451985','01087543216','F',to_date('2015-01-01 13:08:38','YYYY-MM-DD HH24:MI:SS'),'http://192.168.0.119:81/bteam/upload/andinfo/2022/10/06/d0a63dc2-dd7c-4684-8ba9-c64785c6ed5f_profile.png','카리나는신이에오','N','S',101,7401189,'김영문');
Insert into BTEAM.MEMBER (USERID,NAME,USERPW,PHONE,PARENT_PHONE,GENDER,BIRTH,PROFILE,NICKNAME,SOCIAL,MEMBER_GRP,GRADE_CLASS_CODE,SCHOOL_ID,TEACHER) values ('stu11','홍정민','stu11','01083516587','01087945131','F',to_date('2015-11-11 13:48:33','YYYY-MM-DD HH24:MI:SS'),'http://192.168.0.119:81/bteam/upload/andinfo/2022/10/06/8ff7370a-0a5c-4136-9471-95294a796110_profile.png','우주동그리','N','S',101,7401189,'김영문');
Insert into BTEAM.MEMBER (USERID,NAME,USERPW,PHONE,PARENT_PHONE,GENDER,BIRTH,PROFILE,NICKNAME,SOCIAL,MEMBER_GRP,GRADE_CLASS_CODE,SCHOOL_ID,TEACHER) values ('stu12','정해솔','stu12','01093291332','01087932134','F',to_date('2015-04-23 13:49:11','YYYY-MM-DD HH24:MI:SS'),'http://192.168.0.119:81/bteam/upload/andinfo/2022/10/06/8ff7370a-0a5c-4136-9471-95294a796110_profile.png','엄마는외계인','N','S',101,7401189,'김영문');
Insert into BTEAM.MEMBER (USERID,NAME,USERPW,PHONE,PARENT_PHONE,GENDER,BIRTH,PROFILE,NICKNAME,SOCIAL,MEMBER_GRP,GRADE_CLASS_CODE,SCHOOL_ID,TEACHER) values ('stu13','황채윤','stu13','01073219854','01087951321','F',to_date('2015-04-24 13:49:27','YYYY-MM-DD HH24:MI:SS'),'http://192.168.0.58/bteam/upload/andinfo/2022/10/27/85d3e865-fed2-4953-acd0-4d3838bcae01_profile.png','불닭환장','N','S',101,7401189,'김영문');
Insert into BTEAM.MEMBER (USERID,NAME,USERPW,PHONE,PARENT_PHONE,GENDER,BIRTH,PROFILE,NICKNAME,SOCIAL,MEMBER_GRP,GRADE_CLASS_CODE,SCHOOL_ID,TEACHER) values ('stu14','박소윤','stu14','01031598523','01089121315','F',to_date('2015-11-22 13:49:43','YYYY-MM-DD HH24:MI:SS'),'http://192.168.0.58/bteam/upload/andinfo/2022/10/27/92bcfd41-f226-418b-80b6-e2e001fb0996_profile.png','언니다언니','N','S',101,7401189,'김영문');
Insert into BTEAM.MEMBER (USERID,NAME,USERPW,PHONE,PARENT_PHONE,GENDER,BIRTH,PROFILE,NICKNAME,SOCIAL,MEMBER_GRP,GRADE_CLASS_CODE,SCHOOL_ID,TEACHER) values ('tea','김찬웅','tea','01083513221',null,'M',to_date('1987-12-13 13:52:22','YYYY-MM-DD HH24:MI:SS'),'http://192.168.0.119:81/bteam/upload/andinfo/2022/10/06/8ff7370a-0a5c-4136-9471-95294a796110_profile.png','구름맛별사탕','N','T',602,7401189,null);
Insert into BTEAM.MEMBER (USERID,NAME,USERPW,PHONE,PARENT_PHONE,GENDER,BIRTH,PROFILE,NICKNAME,SOCIAL,MEMBER_GRP,GRADE_CLASS_CODE,SCHOOL_ID,TEACHER) values ('aa','김헤이','aa','01005098453','01084530509','F',to_date('0015-05-09 00:00:00','YYYY-MM-DD HH24:MI:SS'),'http://192.168.0.119:81/bteam/upload/andinfo/2022/10/06/8ff7370a-0a5c-4136-9471-95294a796110_profile.png','헤이헤이헤이','N','S',505,7401189,null);
Insert into BTEAM.MEMBER (USERID,NAME,USERPW,PHONE,PARENT_PHONE,GENDER,BIRTH,PROFILE,NICKNAME,SOCIAL,MEMBER_GRP,GRADE_CLASS_CODE,SCHOOL_ID,TEACHER) values ('maba','신마바','maba','01045612365','01096325874','M',to_date('2013-10-10 00:00:00','YYYY-MM-DD HH24:MI:SS'),'http://192.168.0.119:81/bteam/upload/andinfo/2022/10/06/8ff7370a-0a5c-4136-9471-95294a796110_profile.png','ㅎㅎㅎ','N','S',602,7401189,'김찬웅');
Insert into BTEAM.MEMBER (USERID,NAME,USERPW,PHONE,PARENT_PHONE,GENDER,BIRTH,PROFILE,NICKNAME,SOCIAL,MEMBER_GRP,GRADE_CLASS_CODE,SCHOOL_ID,TEACHER) values ('q','김구연','q','01020140532','01005322014','M',to_date('0014-06-12 00:00:00','YYYY-MM-DD HH24:MI:SS'),'http://192.168.0.119:81/bteam/upload/andinfo/2022/10/06/8ff7370a-0a5c-4136-9471-95294a796110_profile.png','질문봇','N','S',602,7401189,'김찬웅');
Insert into BTEAM.MEMBER (USERID,NAME,USERPW,PHONE,PARENT_PHONE,GENDER,BIRTH,PROFILE,NICKNAME,SOCIAL,MEMBER_GRP,GRADE_CLASS_CODE,SCHOOL_ID,TEACHER) values ('admin','관리자','1','01086211653',null,'N',to_date('1987-06-11 10:04:55','YYYY-MM-DD HH24:MI:SS'),'http://192.168.0.119:81/bteam/upload/andinfo/2022/10/06/8ff7370a-0a5c-4136-9471-95294a796110_profile.png',null,'N','A',501,7191082,null);
Insert into BTEAM.MEMBER (USERID,NAME,USERPW,PHONE,PARENT_PHONE,GENDER,BIRTH,PROFILE,NICKNAME,SOCIAL,MEMBER_GRP,GRADE_CLASS_CODE,SCHOOL_ID,TEACHER) values ('2498016546','김춘추',null,'01014010100',null,'N',to_date('0014-01-01 00:00:00','YYYY-MM-DD HH24:MI:SS'),null,'천재만재','Y','S',602,7401189,null);
Insert into BTEAM.MEMBER (USERID,NAME,USERPW,PHONE,PARENT_PHONE,GENDER,BIRTH,PROFILE,NICKNAME,SOCIAL,MEMBER_GRP,GRADE_CLASS_CODE,SCHOOL_ID,TEACHER) values ('1','윤신향','1','01099992222',null,'F',to_date('2014-09-08 00:00:00','YYYY-MM-DD HH24:MI:SS'),null,null,'N','S',602,7401189,null);
Insert into BTEAM.MEMBER (USERID,NAME,USERPW,PHONE,PARENT_PHONE,GENDER,BIRTH,PROFILE,NICKNAME,SOCIAL,MEMBER_GRP,GRADE_CLASS_CODE,SCHOOL_ID,TEACHER) values ('csr9464@naver.com','천사랑',null,'01099999999',null,null,to_date('0014-01-15 00:00:00','YYYY-MM-DD HH24:MI:SS'),null,'사랑','N','S',602,7401189,null);
Insert into BTEAM.MEMBER (USERID,NAME,USERPW,PHONE,PARENT_PHONE,GENDER,BIRTH,PROFILE,NICKNAME,SOCIAL,MEMBER_GRP,GRADE_CLASS_CODE,SCHOOL_ID,TEACHER) values ('gana','김가나','gana','01054321111','01012342222','F',to_date('2014-09-01 11:46:46','YYYY-MM-DD HH24:MI:SS'),'http://192.168.0.119:81/bteam/upload/andinfo/2022/10/06/8ff7370a-0a5c-4136-9471-95294a796110_profile.png','전교권초딩','N','S',602,7401189,'김찬웅
');
Insert into BTEAM.MEMBER (USERID,NAME,USERPW,PHONE,PARENT_PHONE,GENDER,BIRTH,PROFILE,NICKNAME,SOCIAL,MEMBER_GRP,GRADE_CLASS_CODE,SCHOOL_ID,TEACHER) values ('dara','윤다라','1','01067891111','01098765432','M',to_date('2014-09-25 00:00:00','YYYY-MM-DD HH24:MI:SS'),'http://192.168.0.119:81/bteam/upload/andinfo/2022/10/06/8ff7370a-0a5c-4136-9471-95294a796110_profile.png','세종대왕님짱!','N','S',602,7401189,'김찬웅');
Insert into BTEAM.MEMBER (USERID,NAME,USERPW,PHONE,PARENT_PHONE,GENDER,BIRTH,PROFILE,NICKNAME,SOCIAL,MEMBER_GRP,GRADE_CLASS_CODE,SCHOOL_ID,TEACHER) values ('sm','이수민','sm','01035353535','01039283747','F',to_date('2012-10-05 15:58:24','YYYY-MM-DD HH24:MI:SS'),'http://192.168.0.119:81/bteam/upload/andinfo/2022/10/06/8ff7370a-0a5c-4136-9471-95294a796110_profile.png','팝팝','N','S',501,7191082,'유지혜');
Insert into BTEAM.MEMBER (USERID,NAME,USERPW,PHONE,PARENT_PHONE,GENDER,BIRTH,PROFILE,NICKNAME,SOCIAL,MEMBER_GRP,GRADE_CLASS_CODE,SCHOOL_ID,TEACHER) values ('saah','김사아','saah','01011111111',null,'F',to_date('2022-10-27 12:24:16','YYYY-MM-DD HH24:MI:SS'),null,'사아','N','S',602,7401189,null);
REM INSERTING into BTEAM.PLAY
SET DEFINE OFF;
Insert into BTEAM.PLAY (PLAY_NAME,LOCATION,PLACE,URL,PERSON,PERIOD,SECTION,TAG,FILEPATH) values ('[서울][덕수궁]왕궁 수문장 교대의식','서울특별시 중구 태평로2가 세종대로 99','덕수궁 대한문','http://www.royalguard.kr/','제한없음','2022-01-01 ~ 2022-12-31','창의적 체험활동,문화/공연전시,역사체험,예체능,진로진업체험,인문사회,교과학습지원,역사','수문장,전통문화,교대의식,왕국수문장','http://192.168.0.119:81/bteam/upload/play/image1.png');
Insert into BTEAM.PLAY (PLAY_NAME,LOCATION,PLACE,URL,PERSON,PERIOD,SECTION,TAG,FILEPATH) values ('[서울][서울고등법원]법원견학','서울 서초구 서초중앙로 157','서울고등법원청사','http://slgodung.scourt.go.kr/slgodung/join/intro_07/visit_rq_01/index.html','제한없음','2020-02-04 ~ 2024-12-31','창의적 체험활동,인문사회,기타,진로진업체험,인문사회,융합,교과학습지원,사회','법원견학,체험학습,방청가능','http://192.168.0.119:81/bteam/upload/play/image2.jpg');
Insert into BTEAM.PLAY (PLAY_NAME,LOCATION,PLACE,URL,PERSON,PERIOD,SECTION,TAG,FILEPATH) values ('[서울][기억의터]일본군 ''위안부'' 기억의 터','서울특별시 중구 퇴계로 26가길 6','일본군 ''위안부'' 기억의 터','http://peace-memory.com/','제한없음','2016-08-29 ~ 2036-08-29','창의적 체험활동,역사체험,인문사회,진로진업체험,인문사회,융합,교과학습지원,역사,사회','위안부피해자,기림비,인권보호,통감관저터,식민시대,전쟁범죄,인권활동가,역사교육','http://192.168.0.119:81/bteam/upload/play/image3.png');
Insert into BTEAM.PLAY (PLAY_NAME,LOCATION,PLACE,URL,PERSON,PERIOD,SECTION,TAG,FILEPATH) values ('[서울][창경궁]창경궁 야간 상시관람 2022','서울특별시 종로구 창경궁로 185','창경궁','http://cgg.cha.go.kr/agapp/main/index.do?siteCd=CGG','제한없음','2022-01-01 ~ 2022-12-31','창의적 체험활동,문화/공연전시,역사체험,기타,진로진업체험,인문사회,융합,기타,교과학습지원,역사','창경궁,야간관람,명정전,옥천교,대온실,함양문','http://192.168.0.119:81/bteam/upload/play/image4.jpg');
Insert into BTEAM.PLAY (PLAY_NAME,LOCATION,PLACE,URL,PERSON,PERIOD,SECTION,TAG,FILEPATH) values ('[대구][국립대구과학관] 제5회 산업과학기술사 특별전 ‘우리 삶을 바꾼 혁신적 전자제품’','대구광역시 달성군 유가읍 테크노대로 6길 20','국립대구과학관 1층 기획연회실','https://www.dnsm.or.kr/board103/bbsDetailView.do?data_id=3469&bbs_id=103&pageIndex=1&recordCountPerPage=10','제한없음','2021-10-26 ~ 2022-10-23','창의적 체험활동,역사체험,과학기술,과학기술,역사,과학','산업발전전자산업','http://192.168.0.119:81/bteam/upload/play/image5.png');
Insert into BTEAM.PLAY (PLAY_NAME,LOCATION,PLACE,URL,PERSON,PERIOD,SECTION,TAG,FILEPATH) values ('[온라인][문화체육관광부] 메타버스 전시관 ''코리아월드''',null,'코리아월드 누리집','https://www.koreaworld.co.kr/','제한없음','2021-11-30 ~ 2022-11-30','창의적 체험활동,문화/공연전시','메타버스코리아월드관광콘텐츠','http://192.168.0.119:81/bteam/upload/play/image6.png');
Insert into BTEAM.PLAY (PLAY_NAME,LOCATION,PLACE,URL,PERSON,PERIOD,SECTION,TAG,FILEPATH) values ('[온라인][국립청소년우주센터] 청소년과 과학적 사고 -대기비행의 원리와 종이비행기 실험-','전라남도 고흥군 동일면 덕흥양쪽길 200','비대면 (온라인)','https://www.youth.go.kr/','제한없음','2021-10-13 ~ 2023-10-12','창의적 체험활동,과학기술,진로진업체험,과학기술,교과학습지원,과학','과학적사고','http://192.168.0.119:81/bteam/upload/play/image7.jpg');
Insert into BTEAM.PLAY (PLAY_NAME,LOCATION,PLACE,URL,PERSON,PERIOD,SECTION,TAG,FILEPATH) values ('[부산][부산영어도서관] 부산영어도서관 2022년 영어독서교육 상설프로그램 1기~6기 안내','부산광역시 부산진구 가야대로 734','프로그램 별 상이 (프로그램 안내 표 참고)','https://home.pen.go.kr/','제한없음','2022-01-11 ~ 2022-12-17','창의적 체험활동,인문사회,진로진업체험,인문사회,교과학습지원,영어','도서관','http://192.168.0.119:81/bteam/upload/play/image8.jpg');
Insert into BTEAM.PLAY (PLAY_NAME,LOCATION,PLACE,URL,PERSON,PERIOD,SECTION,TAG,FILEPATH) values ('[전남][광양시건강가정·다문화가족지원센터] 2022년 재능윙 봉사단 모집','전라남도 광양시 중마로 410 광양커뮤니티센터','관내','https://gwangyang.familynet.or.kr/center/lay1/program/S295T322C324/receipt/view.do?seq=134832','제한없음','2022-01-11 ~ 2022-12-30','창의적 체험활동,동아리/봉사,기타,진로진업체험,융합,기타','자원봉사,봉사활동,봉사단','http://192.168.0.119:81/bteam/upload/play/image9.png');
Insert into BTEAM.PLAY (PLAY_NAME,LOCATION,PLACE,URL,PERSON,PERIOD,SECTION,TAG,FILEPATH) values ('[경기][안양시건강가정·다문화가족지원센터] 아동상담치료 이용자 모집','경기 안양시 동안구 동안로 158 동안구청 별관 2층','동안구청 별관 2층','https://anyang.familynet.or.kr/center/lay1/program/S295T322C324/receipt/view.do?seq=134830','제한없음','2022-01-01 ~ 2022-12-31','창의적 체험활동,인문사회,기타,진로진업체험,인문사회,융합,기타','아동상담,심리적안정,심리치료,놀이치료,미술치료','http://192.168.0.119:81/bteam/upload/play/image10.png');
Insert into BTEAM.PLAY (PLAY_NAME,LOCATION,PLACE,URL,PERSON,PERIOD,SECTION,TAG,FILEPATH) values ('[광주][국립아시아문화전당] 어린이체험관 ''아시아로 여행을 떠나요!''','광주광역시 동구 문화전당로 38','어린이문화원, B1(지하1층)어린이체험관','https://www.acc.go.kr/main/exhibition.do?PID=0202&action=Read&bnkey=EM_0000001800','49명','2022-01-02 ~ 2022-12-31','창의적 체험활동,문화/공연전시,인문사회,진로진업체험,인문사회,교과학습지원,사회','아시아문화,문화체험,문화여행,문화창작교육','http://192.168.0.119:81/bteam/upload/play/image11.png');
Insert into BTEAM.PLAY (PLAY_NAME,LOCATION,PLACE,URL,PERSON,PERIOD,SECTION,TAG,FILEPATH) values ('[인천][남동정수사업소] 인천 하늘수 홍보관 견학 안내','인천광역시 남동구 백범로26','하늘수 홍보관','https://www.incheon.go.kr/water/WA040301','제한없음','2022-01-03 ~ 2022-12-30','창의적 체험활동,과학기술,녹색,진로진업체험,과학기술,녹색,교과학습지원,과학','정수장견학,정수시설','http://192.168.0.119:81/bteam/upload/play/image12.png');
Insert into BTEAM.PLAY (PLAY_NAME,LOCATION,PLACE,URL,PERSON,PERIOD,SECTION,TAG,FILEPATH) values ('[경북][탈춤공연장] 하회별신굿탈놀이 2022년 상설공연','경상북도 안동시 풍천면 하회종가길 3-15','하회마을탈춤공연장','http://hahoemask.co.kr/','제한없음','2022-01-01 ~ 2022-12-31','창의적 체험활동,문화/공연전시,인문사회,예체능,진로진업체험,인문사회,예체능,교과학습지원,역사,예체능','전통문화,하회탈,전통탈,신굿탈놀이,무형문화재','http://192.168.0.119:81/bteam/upload/play/image13.jpg');
Insert into BTEAM.PLAY (PLAY_NAME,LOCATION,PLACE,URL,PERSON,PERIOD,SECTION,TAG,FILEPATH) values ('[서울][한국의집] 2022 전통예술공연','서울시 중구 퇴계로 36길 10','한국의집 민속극장','https://www.chf.or.kr/combine/content/list/550','제한없음','2022-01-01 ~ 2022-12-31','창의적 체험활동,문화/공연전시,역사체험,예체능,진로진업체험,예체능,교과학습지원,역사,예체능','민속공연,전통공연,전통예술,전통예술공연','http://192.168.0.119:81/bteam/upload/play/image14.jpg');
Insert into BTEAM.PLAY (PLAY_NAME,LOCATION,PLACE,URL,PERSON,PERIOD,SECTION,TAG,FILEPATH) values ('[온라인][SK텔레콤] 미래기술체험관 T.um 유튜브 라이브 투어','서울특별시 중구 을지로 65 SK T 타워 1층','T.um 온라인 홈페이지','https://tum.sktelecom.com/main.do','제한없음','2021-04-26 ~ 2022-12-31','창의적 체험활동,과학기술,진로진업체험,과학기술,교과학습지원,과학','미래기술,과학기술,첨단기술,현장학습,체험활동','http://192.168.0.119:81/bteam/upload/play/image15.png');
Insert into BTEAM.PLAY (PLAY_NAME,LOCATION,PLACE,URL,PERSON,PERIOD,SECTION,TAG,FILEPATH) values ('[서울][국립중앙도서관] 상설체험관『실감서재』','서울특별시 서초구 반포대로 201','국립중앙도서관 디지털도서관 실감서재','https://www.nl.go.kr/NL/contents/N41801000000.do','제한없음','2021-03-23 ~ 2022-12-31','창의적 체험활동,문화/공연전시,역사체험,과학기술,과학기술,인문사회,융합,교과학습지원,역사,국어,과학','도서관,국립중앙도서관,디지털도서관,체험시설,창의적 체험활동,전시교육,문화교육,실감콘텐츠체험관,실감기술','http://192.168.0.119:81/bteam/upload/play/image16.jpg');
Insert into BTEAM.PLAY (PLAY_NAME,LOCATION,PLACE,URL,PERSON,PERIOD,SECTION,TAG,FILEPATH) values ('[대전][유성구장애인종합복지관] 2022년 줍자!걷자!뛰자! 플로깅 챌린지 모집','대전광역시 유성구 북유성 대로 166','공원, 가로변, 산책변 등 어디서나','https://withway.or.kr/xe/menu51/68798','제한없음','2022-01-17 ~ 2022-12-31','창의적 체험활동,동아리/봉사,예체능,녹색,기타,진로진업체험,예체능,녹색,교과학습지원,예체능','지역봉사,플로깅챌린지,환경보호','http://192.168.0.119:81/bteam/upload/play/image17.png');
Insert into BTEAM.PLAY (PLAY_NAME,LOCATION,PLACE,URL,PERSON,PERIOD,SECTION,TAG,FILEPATH) values ('[대전][국립중앙과학관] 2022년 주말과학교실 (개인) 안내','대전광역시 유성구 대덕대로 481','국립중앙과학관 과학교육관','https://www.science.go.kr/board/view?menuId=MENU00477&linkId=4702021','제한없음','2022-03-05 ~ 2022-11-26','창의적 체험활동,과학기술,진로진업체험,과학기술,교과학습지원,과학','과학교실,과학이야기,SW','http://192.168.0.119:81/bteam/upload/play/image18.png');
Insert into BTEAM.PLAY (PLAY_NAME,LOCATION,PLACE,URL,PERSON,PERIOD,SECTION,TAG,FILEPATH) values ('[경북/영덕]2022년 국립청소년해양센터 해양아카데미 가족캠프','경북 영덕군 영덕읍 창포리 산 42','국립청소년해양센터','https://nyoc.kywa.or.kr/facilities/reservation_esty.jsp','52','2022-10-07 ~ 2022-11-06','창의적 체험활동,녹색','해양,청소년,요트,과학,환경,국립청소년해양센터','http://192.168.0.119:81/bteam/upload/play/image19.png');
Insert into BTEAM.PLAY (PLAY_NAME,LOCATION,PLACE,URL,PERSON,PERIOD,SECTION,TAG,FILEPATH) values ('[부산]청소년 인권 공모전','부산 연제구 연산동 701-7','이메일 접수','https://www.busanhumanrights.or.kr/','제한없음','2022-09-01 ~ 2022-10-28','창의적 체험활동,역사체험,인문사회,기타','부산,청소년,인권,형제복지원','http://192.168.0.119:81/bteam/upload/play/image20.png');
Insert into BTEAM.PLAY (PLAY_NAME,LOCATION,PLACE,URL,PERSON,PERIOD,SECTION,TAG,FILEPATH) values ('[경남/창원]"제로라이프" 비대면 플로깅 캠페인 모집','경남 창원시 진해구 성내동 376','온라인 비대면','https://blog.naver.com/youthhome924','제한없음','2022-09-01 ~ 2022-12-31','창의적 체험활동,녹색','진해,청소년,플로깅,탄소중립,실천,비대면','http://192.168.0.119:81/bteam/upload/play/image21.png');
Insert into BTEAM.PLAY (PLAY_NAME,LOCATION,PLACE,URL,PERSON,PERIOD,SECTION,TAG,FILEPATH) values ('[전남/고흥]2022년 8차 NYSC 가족 우주 과학 캠프','전라남도 고흥군 동일면 덕흥양쪽길 200','국립청소년우주센터','https://nysc.kywa.or.kr/','20','2022-11-05 ~ 2022-11-06','창의적 체험활동,과학기술','우주,체험,과학,가족','http://192.168.0.119:81/bteam/upload/play/image22.png');
Insert into BTEAM.PLAY (PLAY_NAME,LOCATION,PLACE,URL,PERSON,PERIOD,SECTION,TAG,FILEPATH) values ('[광주]청소년디지털전환프로그램 ''디지털어드벤처''','광주광역시 서구 화정로 179번길 63','광주광역시 화정청소년문화의집','http://www.gjyc.or.kr/','8','2022-10-29 ~ 2022-11-26','창의적 체험활동,기타','디지털,가족,체험,어드벤처','http://192.168.0.119:81/bteam/upload/play/image23.png');
Insert into BTEAM.PLAY (PLAY_NAME,LOCATION,PLACE,URL,PERSON,PERIOD,SECTION,TAG,FILEPATH) values ('[울산]우쿨렐레 학습 프로그램 ''나는야, 베짱이''','울산광역시 남구 봉월로14번길 55 (신정동)','(44676) 울산광역시 남구 봉월로14번길 55 (신정동) 공업탑청소년센터','https://www.ulsannamgu.go.kr/1388/cop/bbs/anonymous/selectBoardLectureArticle.do?bbsId=UTProgram&nttId=308295','10','2022-10-29 ~ 2022-12-17','창의적 체험활동,예체능','베짱이,공업탑청소년센터,외부공연장,선착순,우쿨렐레,수련활동팀,마이코즈,청소년','http://192.168.0.119:81/bteam/upload/play/image24.jpg');
Insert into BTEAM.PLAY (PLAY_NAME,LOCATION,PLACE,URL,PERSON,PERIOD,SECTION,TAG,FILEPATH) values ('[경남/고성]수요일은 꿈놀터(인공지능 체험, 우드플레이팅 등)','경상남도 창원시 의창구 사림로45번길 59 (사림동)','(51138) 경상남도 창원시 의창구 사림로45번길 59 (사림동) 청소년관 3층','http://www.gsyon.or.kr/program/activity_view.php?id=184&returl=http%3A%2F%2Fwww.gsyon.or.kr%2Fprogram%2Factivity.php%3Fcategory%3D3','80','2022-11-02 ~ 2022-11-23','창의적 체험활동,문화/공연전시,기타','꿈놀터,초등학교,인공지능,증강현실,우드플레이팅,나무공예,특수분장,레진아트,무늬,고성','http://192.168.0.119:81/bteam/upload/play/image25.jpg');
Insert into BTEAM.PLAY (PLAY_NAME,LOCATION,PLACE,URL,PERSON,PERIOD,SECTION,TAG,FILEPATH) values ('[서울][모바일주니어캠퍼스]모바일 주니어 캠퍼스 실험실(Laboratory) 안내','서울시 중구 퇴계로 100 스테이트타워남산 14층 BMW 코리아 미래재단','접수한 해당 기관 및 단체로 방문 교육','https://www.bmwkoreafuturefund.co.kr/en/juniorcampus/','60','2022-10-13 ~ 2023-12-31','창의적 체험활동,과학기술,수학,과학','과학,자동차,친환경,체험학습,과학체험,STEAM,교육기부,융합교육,창의교육,주니어 캠퍼스,과학창의교육,초등과학,친환경에너지','http://192.168.0.119:81/bteam/upload/play/image26.jpg');
Insert into BTEAM.PLAY (PLAY_NAME,LOCATION,PLACE,URL,PERSON,PERIOD,SECTION,TAG,FILEPATH) values ('[인천][주니어캠퍼스] 주니어 캠퍼스 실험실(Laboratory) 안내','인천광역시 중구 공항동로 136(운서동) BMW 드라이빙 센터 2층','주니어 캠퍼스','https://www.bmwkoreafuturefund.co.kr/en/juniorcampus/','20','2022-10-13 ~ 2023-12-31','창의적 체험활동,과학기술,수학,과학','융합교육,친환경에너지,과학창의교육,초등과학,자동차,과학체험,현장체험학습,친환경,초등체험학습,STEAM,체험학습,창의교육,과학','http://192.168.0.119:81/bteam/upload/play/image27.jpg');
Insert into BTEAM.PLAY (PLAY_NAME,LOCATION,PLACE,URL,PERSON,PERIOD,SECTION,TAG,FILEPATH) values ('[서울][국립한글박물관] 상설전시실 <훈민정음, 천년의 문자 계획>','서울시 용산구 서빙고로 139','국립한글박물관 상설전시실 (2층)','https://www.hangeul.go.kr/traceHangeul/traceHangeul1List.do?curr_menu_cd=0103010100','제한없음','2022-01-21 ~ 2031-12-31','창의적 체험활동,문화/공연전시,역사체험,인문사회,진로진업체험,인문사회,교과학습지원,역사,국어','한글날,훈민정음,세종대왕,한글','http://192.168.0.119:81/bteam/upload/play/image28.jpg');
Insert into BTEAM.PLAY (PLAY_NAME,LOCATION,PLACE,URL,PERSON,PERIOD,SECTION,TAG,FILEPATH) values ('[광주][국립아시아문화전당] "근현대기 아시아인들이 만들어 온 아시아적 정체성과 경험의 증언" 상설전시','광주광역시 동구 문화전당로 38','라이브러리파크 상설전시관','https://www.acc.go.kr/main/exhibition.do?PID=0202&action=Read&bnkey=EM_0000004627','제한없음','2021-11-25 ~ 2022-12-31','창의적 체험활동,문화/공연전시,역사체험,인문사회,진로진업체험,인문사회,융합,교과학습지원,역사,사회','아시아근현대건축,아시아평화,아시아소리,아시아음악,아시아이주민,아시아여성','http://192.168.0.119:81/bteam/upload/play/image29.png');
Insert into BTEAM.PLAY (PLAY_NAME,LOCATION,PLACE,URL,PERSON,PERIOD,SECTION,TAG,FILEPATH) values ('[대전][국립중앙과학관] 2022년 주중과학 교실 (초, 중, 고) 운영 안내','대전광역시 유성구 대덕대로 481','국립중앙과학관 과학교육관 2~3층','https://www.science.go.kr/board/view?menuId=MENU00477&linkId=4702022','제한없음','2022-03-16 ~ 2022-12-02','창의적 체험활동,과학기술,기타,진로진업체험,과학기술,융합,기타,교과학습지원,과학','과학교실,과학기술,미래기술,실험교육,전통과학대학,인공지능,과학체험','http://192.168.0.119:81/bteam/upload/play/image30.png');
Insert into BTEAM.PLAY (PLAY_NAME,LOCATION,PLACE,URL,PERSON,PERIOD,SECTION,TAG,FILEPATH) values ('[온라인/전남][국립나주박물관] 2022년 초, 중, 고 학교참여 교육 프로그램 안내','전라남도 나주시 반남면 고분로 747','온라인 교육과 현장 교육 중 택 1','https://naju.museum.go.kr/bbs/BBSMSTR_000000000173/view.do?nttId=B000000003821Xy8yO3','제한없음','2022-04-05 ~ 2022-11-30','창의적 체험활동,역사체험,과학기술,인문사회,예체능,진로진업체험,과학기술,인문사회,예체능,융합,교과학습지원,역사,과학,예체능,사회','학예연구사,보존과학자,체험프로그램,체험교육,동물유물,학습동기,곱은옥,문화재여행,나무문화재,남승도,전통놀이','http://192.168.0.119:81/bteam/upload/play/image31.png');
Insert into BTEAM.PLAY (PLAY_NAME,LOCATION,PLACE,URL,PERSON,PERIOD,SECTION,TAG,FILEPATH) values ('[경남][경남수학문화관] 2022 학교체험 수학프로그램 ''몸으로 배우는 체험수학''','경남 창원시 성산구 반지동 91','경남남도교육청 경남수학문화관','https://gnmc.gne.go.kr/gnmc/cm/cntnts/cntntsView.do?mi=3842&cntntsId=2283','90','2022-03-22 ~ 2022-12-23','창의적 체험활동,과학기술,진로진업체험,과학기술,융합,교과학습지원,수학','학교체험프로그램,수학프로그램,수학의즐거움,수학어드벤처,체험탐구,수학상상실,수학클리닉,체험수학,체험학습','http://192.168.0.119:81/bteam/upload/play/image32.png');
Insert into BTEAM.PLAY (PLAY_NAME,LOCATION,PLACE,URL,PERSON,PERIOD,SECTION,TAG,FILEPATH) values ('[부산][부산119안전체험관] 2022년 "대대손손 안전한가?!" 가족 안전체험 프로젝트 이벤트','부산광역시 동래구 우장춘로 117','부산119안전체험관','https://119.busan.go.kr/firesafe/community01/1518754?curPage=&srchBeginDt=&srchEndDt=&searchKey=&searchText=','제한없음','2022-03-26 ~ 2022-11-26','창의적 체험활동,인문사회,보건,진로진업체험,인문사회,보건,융합','안전상식,가족애,재해안전교육,가족체험','http://192.168.0.119:81/bteam/upload/play/image33.png');
Insert into BTEAM.PLAY (PLAY_NAME,LOCATION,PLACE,URL,PERSON,PERIOD,SECTION,TAG,FILEPATH) values ('[제주][국립제주박물관] 2022 보급형 교구상자 대여 ''상자를 열면?''','제주도 제주시 일주동로 17','각 단체','https://jeju.museum.go.kr/_prog/edunew/index.php?site_dvs_cd=kr&menu_dvs_cd=030104&func_dvs_cd=edu&kind=2&GotoPage=1&mode=V&mng_no=254','제한없음','2022-03-02 ~ 2022-12-31','창의적 체험활동,역사체험,인문사회,진로진업체험,인문사회,교과학습지원,역사,사회','교구상자,전통역사,전통문화,탁본체험,제주역사,제주해녀','http://192.168.0.119:81/bteam/upload/play/image34.jpg');
Insert into BTEAM.PLAY (PLAY_NAME,LOCATION,PLACE,URL,PERSON,PERIOD,SECTION,TAG,FILEPATH) values ('[인천][미추홀구청소년수련관] 2022 청소년방과후아카데미 모집','인천광역시 미추홀구 경인로 42번길 23','미추홀구청소년수련관','http://icyouth.or.kr/home2012/bbs/board.php?bo_table=news01&wr_id=878','40','2022-01-01 ~ 2022-12-31','창의적 체험활동,동아리/봉사,인문사회,예체능,기타,진로진업체험,인문사회,예체능,융합','문화예술활동,창의융합인재발굴,청소년자립지원,보충학습지원,자원봉사,청소년교육,청소년수련','http://192.168.0.119:81/bteam/upload/play/image35.png');
Insert into BTEAM.PLAY (PLAY_NAME,LOCATION,PLACE,URL,PERSON,PERIOD,SECTION,TAG,FILEPATH) values ('[경남][거창월성우주창의과학관] 2022년 찾아가는 과학교실 프로그램 운영','경남 거창군 북상면 덕유월성로 1312-96','신청 단체','https://gcss.kr/core_board2007/board/coreboard.php?i_board=notice&wr_id=292','제한없음','2022-03-01 ~ 2022-11-30','창의적 체험활동,과학기술,진로진업체험,과학기술,교과학습지원,과학','과학체험교실,천체망원경교실,로켓체험,천문학진로,기초과학,별자리교실,체험교육,천문학','http://192.168.0.119:81/bteam/upload/play/image36.png');
Insert into BTEAM.PLAY (PLAY_NAME,LOCATION,PLACE,URL,PERSON,PERIOD,SECTION,TAG,FILEPATH) values ('[부산][금련산청소년수련원] 2022년 공개관측행사 운영 안내 ''도심에서 즐기는 밤 하늘 여행''','부산광역시 수영구 황령산로 156','금련산청소년수련원 (부산시민천문대, 천체투영관)','https://www.busan.go.kr/youth/gnsaler01/1522432?curPage=&srchBeginDt=2021-04-05&srchEndDt=2022-04-05&searchKey=&searchText=','제한없음','2022-02-12 ~ 2022-12-10','창의적 체험활동,과학기술,녹색,진로진업체험,과학기술,보건,교과학습지원,과학','천체관측,천문우주,별자리관측,천문현상,천문학','http://192.168.0.119:81/bteam/upload/play/image37.jpg');
Insert into BTEAM.PLAY (PLAY_NAME,LOCATION,PLACE,URL,PERSON,PERIOD,SECTION,TAG,FILEPATH) values ('[온라인][국립장애인도서관] 2022 장애인정보누리터 비대면 낭독서비스 이용 안내','서울시 서초구 반포대로 201','온라인','https://www.nld.go.kr/ableFront/notice_board/view.jsp?seq=537','제한없음','2022-03-02 ~ 2022-12-30','창의적 체험활동,동아리/봉사,인문사회,기타,진로진업체험,인문사회,교과학습지원,국어','시각장애인,낭독봉사','http://192.168.0.119:81/bteam/upload/play/image38.png');
Insert into BTEAM.PLAY (PLAY_NAME,LOCATION,PLACE,URL,PERSON,PERIOD,SECTION,TAG,FILEPATH) values ('[부산][국립해양방물관] 찾아가는 박물관 대면 프로그램 "떠나요! 바다 시간 여행"','부산광역시 영도구 해양로301번길 45','1차시 - 지역아동센터 (센터 방문형 교육) 2차시 - 국립해양박물관 (박물관 초청형 교육)','https://www.knmm.or.kr/info.html','제한없음','2022-07-01 ~ 2022-12-31','창의적 체험활동,과학기술,녹색,진로진업체험,과학기술,녹색,교과학습지원,과학','해양교육,해양인물,해양역사','http://192.168.0.119:81/bteam/upload/play/image39.png');
Insert into BTEAM.PLAY (PLAY_NAME,LOCATION,PLACE,URL,PERSON,PERIOD,SECTION,TAG,FILEPATH) values ('[경기/온라인][국립과천과학관] 2022년 과학소통강연 ''선을 넘는 과학자들'' 안내 (4-11월)','경기도 과천시 상하벌로 110','국립과천과학관 천체투영관 및 국립과천과학관 유튜브 (생중계)','http://www.sciencecenter.go.kr/scipia/introduce/notice/23295','제한없음','2022-04-23 ~ 2022-11-26','창의적 체험활동,과학기술,녹색,진로진업체험,과학기술,녹색,교과학습지원,과학','지구공동체,과학기술,모빌리티,지구과학,인공지능','http://192.168.0.119:81/bteam/upload/play/image40.png');
REM INSERTING into BTEAM.QNA
SET DEFINE OFF;
Insert into BTEAM.QNA (ID,TITLE,CONTENT,WRITER,WRITEDATE,READCNT,FIELD,OPEN) values (1,'태블릿 기기로 이용할 수 있나요?','네, 이용 가능합니다. 

다만, 태블릿 기기를 공식적으로 지원하지 않고 있어 일부 기종 또는 일부 서비스 이용에 제약이 있을 수 있는 점 참고 부탁드립니다.','admin',to_date('2022-10-25 10:43:09','YYYY-MM-DD HH24:MI:SS'),0,2,0);
Insert into BTEAM.QNA (ID,TITLE,CONTENT,WRITER,WRITEDATE,READCNT,FIELD,OPEN) values (2,'교육정보는 담임선생님이나 학교에서 발송하는 건가요?','교육정보는 하이클래스 운영팀이 유익한 정보를 선별하여 선생님, 학부모, 학생에게 제공하는 추천 콘텐츠입니다. ','admin',to_date('2022-10-25 10:44:45','YYYY-MM-DD HH24:MI:SS'),0,2,0);
Insert into BTEAM.QNA (ID,TITLE,CONTENT,WRITER,WRITEDATE,READCNT,FIELD,OPEN) values (5,'가정통신문이 우리학교 소식이 아닌 것 같아요.','문의하기로 학교 이름을 알려주시면 확인하고 수정하겠습니다. ','admin',to_date('2022-10-25 10:48:38','YYYY-MM-DD HH24:MI:SS'),0,2,0);
Insert into BTEAM.QNA (ID,TITLE,CONTENT,WRITER,WRITEDATE,READCNT,FIELD,OPEN) values (9,'급식 내용이 실제 급식과 달라요.','급식은 나이스(NEIS) 정보를 기준으로 제공해드립니다. 

학교 사정에 따라 갑작스레 급식 정보가 변경되는 경우, 

학교에서 NEIS의 급식정보를 수정해주셔야 하며, 

수정된 내용은 익일 오전부터 확인하실 수 있습니다.','admin',to_date('2022-10-25 00:00:00','YYYY-MM-DD HH24:MI:SS'),0,2,0);
Insert into BTEAM.QNA (ID,TITLE,CONTENT,WRITER,WRITEDATE,READCNT,FIELD,OPEN) values (10,'회원정보,이메일,수정은 어디서 하나요?','초타앱 > 상단(톱니바퀴모양) > 내 정보 변경계정에서 변경이 가능합니다

이름, 휴대폰번호, 이메일, 닉네임변경이 가능하며, SNS계정연동 등 

개인정보와 관련한 모든 내용을 수정가능합니다.','admin',to_date('2022-10-25 00:00:00','YYYY-MM-DD HH24:MI:SS'),0,2,0);
Insert into BTEAM.QNA (ID,TITLE,CONTENT,WRITER,WRITEDATE,READCNT,FIELD,OPEN) values (11,'회원가입 시 학생도 가입이 가능한가요?','네, 가입하셔서 이용은 가능합니다.','admin',to_date('2022-10-25 00:00:00','YYYY-MM-DD HH24:MI:SS'),0,2,0);
Insert into BTEAM.QNA (ID,TITLE,CONTENT,WRITER,WRITEDATE,READCNT,FIELD,OPEN) values (12,'아빠도 알림장, 설문조사를 받을 수 있나요?','자녀 추가를 하기전에 선생님께서 작성 하신 알림장은 확인이 어려우므로 꼭 자녀추가를 부탁드립니다. 
자녀 추가 이후에만 알림장을 받으실 수 있습니다.
신규가입한 학부모님께서는 꼭 자녀 추가를 부탁드립니다.','admin',to_date('2022-10-25 00:00:00','YYYY-MM-DD HH24:MI:SS'),0,2,0);
Insert into BTEAM.QNA (ID,TITLE,CONTENT,WRITER,WRITEDATE,READCNT,FIELD,OPEN) values (13,'어떤 SNS 계정으로 가입했는지 기억이 안나요.','시작 화면에서 역할(학부모, 학생)을 선택한 후

 ''기존 회원 SNS 계정 찾기''로 회원가입 이력을 확인해 주세요.','admin',to_date('2022-10-25 00:00:00','YYYY-MM-DD HH24:MI:SS'),0,2,0);
Insert into BTEAM.QNA (ID,TITLE,CONTENT,WRITER,WRITEDATE,READCNT,FIELD,OPEN) values (14,'알림장을 인쇄할 수 있나요?','알림장 목록에서 인쇄하기 버튼을 클릭하면 인쇄할 수 있습니다. 

(단, PC버전에서만 가능)','admin',to_date('2022-10-25 00:00:00','YYYY-MM-DD HH24:MI:SS'),0,2,0);
Insert into BTEAM.QNA (ID,TITLE,CONTENT,WRITER,WRITEDATE,READCNT,FIELD,OPEN) values (15,'자유게시판은 선생님과 학생만 볼 수 있나요?','자유게시판 열람 대상은 담임 선생님의 학급 운영 방침에 따라 결정됩니다.  

담임선생님께서 학부모/학생 모두 열람할 수 있게 선택할 수도 있으며,

학부모만, 또는 학생만 열람 및 게시글 쓰기 권한 설정을 할 수 있습니다.

따라서 같은 클래스더라도 자녀만 게시글이 보일 수도, 부모님만 게시글이 보일 수 있는 점 참고 부탁드립니다.','admin',to_date('2022-10-25 00:00:00','YYYY-MM-DD HH24:MI:SS'),0,2,0);
Insert into BTEAM.QNA (ID,TITLE,CONTENT,WRITER,WRITEDATE,READCNT,FIELD,OPEN) values (16,'과제게시판에 글쓰기 버튼이 없어요.','과제게시판은 선생님이 출제한 게시물에 학부모/학생이 과제를 제출하는 형식입니다.

따라서 선생님께서 과제게시판에 게시물을 올리셔야만 해당 게시물에 과제 제출이 가능합니다.','admin',to_date('2022-10-25 00:00:00','YYYY-MM-DD HH24:MI:SS'),0,2,0);
Insert into BTEAM.QNA (ID,TITLE,CONTENT,WRITER,WRITEDATE,READCNT,FIELD,OPEN) values (17,'질문있어여','알림이 오지 않아요.','2',to_date('2022-10-25 00:00:00','YYYY-MM-DD HH24:MI:SS'),0,1,0);
Insert into BTEAM.QNA (ID,TITLE,CONTENT,WRITER,WRITEDATE,READCNT,FIELD,OPEN) values (18,'이거 왜 안되나요','설문이 확인되지 않아요.','tea',to_date('2022-10-25 00:00:00','YYYY-MM-DD HH24:MI:SS'),0,1,0);
Insert into BTEAM.QNA (ID,TITLE,CONTENT,WRITER,WRITEDATE,READCNT,FIELD,OPEN) values (19,'채팅','초타톡 채팅 중 이미지나 영상도 첨부할 수 있나요?','2',to_date('2022-10-25 00:00:00','YYYY-MM-DD HH24:MI:SS'),0,1,0);
Insert into BTEAM.QNA (ID,TITLE,CONTENT,WRITER,WRITEDATE,READCNT,FIELD,OPEN) values (20,'질문','학생끼리 or 학부모끼리 단체톡을 할 수 있나요?','2',to_date('2022-10-25 00:00:00','YYYY-MM-DD HH24:MI:SS'),0,1,0);
Insert into BTEAM.QNA (ID,TITLE,CONTENT,WRITER,WRITEDATE,READCNT,FIELD,OPEN) values (61,'질문있슴다','태블릿으로도 어플 이용 가능한가요?','2',to_date('2022-10-30 14:06:00','YYYY-MM-DD HH24:MI:SS'),0,1,0);
Insert into BTEAM.QNA (ID,TITLE,CONTENT,WRITER,WRITEDATE,READCNT,FIELD,OPEN) values (21,'어떻게 하는거에요??!!!!','채팅이 안보내져요 이거 어떻게 하는건지 알려줘용','tea',to_date('2022-10-25 11:09:29','YYYY-MM-DD HH24:MI:SS'),0,1,0);
REM INSERTING into BTEAM.QNA_ANSWER
SET DEFINE OFF;
Insert into BTEAM.QNA_ANSWER (ID,CONTENT_A,WRITER_A,WRITEDATE_A,QNA_ID) values (11,'네, 대화창 왼쪽의 클립 아이콘을 클릭하여 문서, 이미지, 동영상 등을 첨부할 수 있습니다.



 



단, 동영상 첨부는 App에서만 가능합니다.



 



앱 업데이트 후 이용 부탁드립니다.','admin',to_date('2022-10-25 15:42:24','YYYY-MM-DD HH24:MI:SS'),19);
Insert into BTEAM.QNA_ANSWER (ID,CONTENT_A,WRITER_A,WRITEDATE_A,QNA_ID) values (9,'단체톡(단체공지)은 선생님이 학생, 학부모님을 대상으로 발송할 수 있습니다. 



학생 또는 학부모간의 단체 또는 개인톡은 지원하지 않습니다. ','admin',to_date('2022-10-25 15:41:40','YYYY-MM-DD HH24:MI:SS'),20);
Insert into BTEAM.QNA_ANSWER (ID,CONTENT_A,WRITER_A,WRITEDATE_A,QNA_ID) values (10,'알림 푸시가 오지 않을 경우 아래 내용을 순서대로 확인 부탁드립니다.



 



1. 앱의 푸시 설정은 일반적으로 핸드폰의 설정 메뉴에서 설정 가능합니다.  



 



[푸시 설정 방법]



*Android1(LG): 설정 > 일반 > 앱 및 알림 > 앱 정보 > 하이클래스 > 실행 알림, 푸시 알림 > 중요도 > 높음



*Android2(삼성): 설정 > 애플리케이션 > 하이클래스 > 알림 > 알림 카테고리 > 실행 알림, 푸시 알림 > 소리, 팝업으로 표시



*IOS: 설정 > 하이클래스 앱 > 알림 > 알림 허용 ON > 사운드, 배지 ON



 



2. 배터리 절전모드로 설정되어 있으신지 확인 부탁드립니다.  (절전모드로 설정되어 있을 경우 앱 알림을 받지 못할 수 있습니다.)



 



*Android1(LG): 설정 > 일반 > 배터리 > 절전 모드 > 사용 안 함



*Android2(삼성): 설정 > 디바이스 케어 > 배터리 > 배터리 관리 모드 > 절전모드 > 사용 안 함  



*IOS: 설정 > 배터리 > 저전력 모드 > 사용 안 함



 



3. 모든 설정이 잘 되어있으나 앱 푸시를 받지 못하시는 경우 앱 재로그인을 부탁드립니다.','admin',to_date('2022-10-25 15:42:03','YYYY-MM-DD HH24:MI:SS'),17);
Insert into BTEAM.QNA_ANSWER (ID,CONTENT_A,WRITER_A,WRITEDATE_A,QNA_ID) values (12,'채팅할 친구를 찾은 후 시도해보시길 바랍니다

초타 채팅은 1:1 채팅만 가능합니다','admin',to_date('2022-10-25 15:43:18','YYYY-MM-DD HH24:MI:SS'),21);
REM INSERTING into BTEAM.SCHOOL
SET DEFINE OFF;
Insert into BTEAM.SCHOOL (SCHOOL_ID,SCHOOL_NAME,OFFICE_NAME,OFFICE_CODE) values (7061074,'용산초등학교','서울특별시교육청','B10');
Insert into BTEAM.SCHOOL (SCHOOL_ID,SCHOOL_NAME,OFFICE_NAME,OFFICE_CODE) values (7191067,'명동초등학교','부산광역시육청','C10');
Insert into BTEAM.SCHOOL (SCHOOL_ID,SCHOOL_NAME,OFFICE_NAME,OFFICE_CODE) values (7261080,'태현초등학교','대구광역시교육청','D10');
Insert into BTEAM.SCHOOL (SCHOOL_ID,SCHOOL_NAME,OFFICE_NAME,OFFICE_CODE) values (7341054,'장도초등학교','인천광역시교육청','E10');
Insert into BTEAM.SCHOOL (SCHOOL_ID,SCHOOL_NAME,OFFICE_NAME,OFFICE_CODE) values (7451117,'하기초등학교','대전광역시교육청','G10');
Insert into BTEAM.SCHOOL (SCHOOL_ID,SCHOOL_NAME,OFFICE_NAME,OFFICE_CODE) values (7491131,'울산초등학교','울산광역시교육청','H10');
Insert into BTEAM.SCHOOL (SCHOOL_ID,SCHOOL_NAME,OFFICE_NAME,OFFICE_CODE) values (9300214,'글벗초등학교','세종특별자치시교육청','I10');
Insert into BTEAM.SCHOOL (SCHOOL_ID,SCHOOL_NAME,OFFICE_NAME,OFFICE_CODE) values (7751326,'매봉초등학교','경기도교육청','J10');
Insert into BTEAM.SCHOOL (SCHOOL_ID,SCHOOL_NAME,OFFICE_NAME,OFFICE_CODE) values (7871020,'미로초등학교','강원도교육청','K10');
Insert into BTEAM.SCHOOL (SCHOOL_ID,SCHOOL_NAME,OFFICE_NAME,OFFICE_CODE) values (8011307,'비상초등학교','충청북도교육청','M10');
Insert into BTEAM.SCHOOL (SCHOOL_ID,SCHOOL_NAME,OFFICE_NAME,OFFICE_CODE) values (8181150,'모산초등학교','충청남도교육청','N10');
Insert into BTEAM.SCHOOL (SCHOOL_ID,SCHOOL_NAME,OFFICE_NAME,OFFICE_CODE) values (8451020,'고창초등학교','전라북도교육청','P10');
Insert into BTEAM.SCHOOL (SCHOOL_ID,SCHOOL_NAME,OFFICE_NAME,OFFICE_CODE) values (8561023,'남면초등학교','전라남도교육청','Q10');
Insert into BTEAM.SCHOOL (SCHOOL_ID,SCHOOL_NAME,OFFICE_NAME,OFFICE_CODE) values (8831058,'상주초등학교','경상북도교육청','R10');
Insert into BTEAM.SCHOOL (SCHOOL_ID,SCHOOL_NAME,OFFICE_NAME,OFFICE_CODE) values (9022012,'가포초등학교','경상남도교육청','S10');
Insert into BTEAM.SCHOOL (SCHOOL_ID,SCHOOL_NAME,OFFICE_NAME,OFFICE_CODE) values (9296038,'제주서초등학교','제주특별자치도교육청','T10');
Insert into BTEAM.SCHOOL (SCHOOL_ID,SCHOOL_NAME,OFFICE_NAME,OFFICE_CODE) values (7401189,'계수초등학교','광주광역시교육청','F10');
Insert into BTEAM.SCHOOL (SCHOOL_ID,SCHOOL_NAME,OFFICE_NAME,OFFICE_CODE) values (7191082,'여고초등학교','부산광역시육청','C10');
REM INSERTING into BTEAM.SCHOOLPOST
SET DEFINE OFF;
Insert into BTEAM.SCHOOLPOST (SCHOOLPOST_ID,CATEGORY,TITLE,CONTEXT,WRITER,WRITEDATE,GRADE_CLASS_CODE,SCHOOL_ID,YMD,FILE_PATH,READCNT) values (32,'일정',null,'미화정리','2',to_date('2022-09-26 21:00:36','YYYY-MM-DD HH24:MI:SS'),101,7401189,to_date('2022-09-21 00:00:00','YYYY-MM-DD HH24:MI:SS'),null,0);
Insert into BTEAM.SCHOOLPOST (SCHOOLPOST_ID,CATEGORY,TITLE,CONTEXT,WRITER,WRITEDATE,GRADE_CLASS_CODE,SCHOOL_ID,YMD,FILE_PATH,READCNT) values (33,'일정',null,'미화 만족도 조사표 작성','2',to_date('2022-09-26 21:04:48','YYYY-MM-DD HH24:MI:SS'),101,7401189,to_date('2022-09-28 00:00:00','YYYY-MM-DD HH24:MI:SS'),null,0);
Insert into BTEAM.SCHOOLPOST (SCHOOLPOST_ID,CATEGORY,TITLE,CONTEXT,WRITER,WRITEDATE,GRADE_CLASS_CODE,SCHOOL_ID,YMD,FILE_PATH,READCNT) values (62,'일정',null,'현장체험학습','2',to_date('2022-10-04 14:36:38','YYYY-MM-DD HH24:MI:SS'),101,7401189,to_date('2022-10-06 00:00:00','YYYY-MM-DD HH24:MI:SS'),null,null);
Insert into BTEAM.SCHOOLPOST (SCHOOLPOST_ID,CATEGORY,TITLE,CONTEXT,WRITER,WRITEDATE,GRADE_CLASS_CODE,SCHOOL_ID,YMD,FILE_PATH,READCNT) values (64,'일정',null,'개천절',null,to_date('2022-10-07 18:57:26','YYYY-MM-DD HH24:MI:SS'),101,7401189,to_date('2022-10-03 00:00:00','YYYY-MM-DD HH24:MI:SS'),null,null);
Insert into BTEAM.SCHOOLPOST (SCHOOLPOST_ID,CATEGORY,TITLE,CONTEXT,WRITER,WRITEDATE,GRADE_CLASS_CODE,SCHOOL_ID,YMD,FILE_PATH,READCNT) values (65,'일정',null,'한글날',null,to_date('2022-10-07 18:57:45','YYYY-MM-DD HH24:MI:SS'),101,7401189,to_date('2022-10-09 00:00:00','YYYY-MM-DD HH24:MI:SS'),null,null);
Insert into BTEAM.SCHOOLPOST (SCHOOLPOST_ID,CATEGORY,TITLE,CONTEXT,WRITER,WRITEDATE,GRADE_CLASS_CODE,SCHOOL_ID,YMD,FILE_PATH,READCNT) values (66,'일정',null,'재난대응안전한국훈련',null,to_date('2022-10-07 18:58:02','YYYY-MM-DD HH24:MI:SS'),101,7401189,to_date('2022-10-24 00:00:00','YYYY-MM-DD HH24:MI:SS'),null,null);
Insert into BTEAM.SCHOOLPOST (SCHOOLPOST_ID,CATEGORY,TITLE,CONTEXT,WRITER,WRITEDATE,GRADE_CLASS_CODE,SCHOOL_ID,YMD,FILE_PATH,READCNT) values (67,'일정',null,'2학기 학급임원선거',null,to_date('2022-10-07 18:58:59','YYYY-MM-DD HH24:MI:SS'),101,7401189,to_date('2022-09-05 00:00:00','YYYY-MM-DD HH24:MI:SS'),null,null);
Insert into BTEAM.SCHOOLPOST (SCHOOLPOST_ID,CATEGORY,TITLE,CONTEXT,WRITER,WRITEDATE,GRADE_CLASS_CODE,SCHOOL_ID,YMD,FILE_PATH,READCNT) values (68,'일정',null,'은아친구 생일',null,to_date('2022-10-07 18:59:50','YYYY-MM-DD HH24:MI:SS'),101,7401189,to_date('2022-10-01 00:00:00','YYYY-MM-DD HH24:MI:SS'),null,null);
Insert into BTEAM.SCHOOLPOST (SCHOOLPOST_ID,CATEGORY,TITLE,CONTEXT,WRITER,WRITEDATE,GRADE_CLASS_CODE,SCHOOL_ID,YMD,FILE_PATH,READCNT) values (159,'학교게시판','학교게시판 테스트','테스트','dara',to_date('2022-10-27 16:12:41','YYYY-MM-DD HH24:MI:SS'),602,7401189,null,'http://192.168.0.58/bteam/upload/andSchool/2022/10/27/0654e3d8-53bb-4f6f-b1cf-60e0ada73c98_schoolpost.jpg',1);
Insert into BTEAM.SCHOOLPOST (SCHOOLPOST_ID,CATEGORY,TITLE,CONTEXT,WRITER,WRITEDATE,GRADE_CLASS_CODE,SCHOOL_ID,YMD,FILE_PATH,READCNT) values (149,'학교게시판','코로나 조심하세요','목 엄청 아파요','gana',to_date('2022-10-27 15:03:04','YYYY-MM-DD HH24:MI:SS'),602,7401189,null,null,1);
Insert into BTEAM.SCHOOLPOST (SCHOOLPOST_ID,CATEGORY,TITLE,CONTEXT,WRITER,WRITEDATE,GRADE_CLASS_CODE,SCHOOL_ID,YMD,FILE_PATH,READCNT) values (153,'학교게시판','갑니다','학교를 갑니다','dara',to_date('2022-10-27 15:19:27','YYYY-MM-DD HH24:MI:SS'),602,7401189,null,null,3);
Insert into BTEAM.SCHOOLPOST (SCHOOLPOST_ID,CATEGORY,TITLE,CONTEXT,WRITER,WRITEDATE,GRADE_CLASS_CODE,SCHOOL_ID,YMD,FILE_PATH,READCNT) values (165,'반게시판','이게 맞아?','맞아?','dara',to_date('2022-11-01 18:59:34','YYYY-MM-DD HH24:MI:SS'),602,7401189,null,'http://192.168.0.62/bteam/upload/andSchool/2022/11/01/0f4563f9-c26f-4de4-a4af-c8a2f97ac573_schoolpost.jpg',2);
Insert into BTEAM.SCHOOLPOST (SCHOOLPOST_ID,CATEGORY,TITLE,CONTEXT,WRITER,WRITEDATE,GRADE_CLASS_CODE,SCHOOL_ID,YMD,FILE_PATH,READCNT) values (1,'가정통신문','태풍(힌남노)으로 인한 학사운영(원격수업) 안내','태풍으로 인한 학사운영(원격수업) 안내','tea',to_date('2022-09-05 18:54:30','YYYY-MM-DD HH24:MI:SS'),602,7401189,null,null,4);
Insert into BTEAM.SCHOOLPOST (SCHOOLPOST_ID,CATEGORY,TITLE,CONTEXT,WRITER,WRITEDATE,GRADE_CLASS_CODE,SCHOOL_ID,YMD,FILE_PATH,READCNT) values (2,'가정통신문','2022학년도 2학기 학부모 공개수업 안내장','2022학년도 2학기 학부모 공개수업 안내장입니다.','tea',to_date('2022-09-14 19:00:33','YYYY-MM-DD HH24:MI:SS'),602,7401189,null,null,3);
Insert into BTEAM.SCHOOLPOST (SCHOOLPOST_ID,CATEGORY,TITLE,CONTEXT,WRITER,WRITEDATE,GRADE_CLASS_CODE,SCHOOL_ID,YMD,FILE_PATH,READCNT) values (3,'가정통신문','2학기 지세움 학부모 교육 안내','지세움 학부모 교육 안내','tea',to_date('2022-09-15 19:00:40','YYYY-MM-DD HH24:MI:SS'),602,7401189,null,null,1);
Insert into BTEAM.SCHOOLPOST (SCHOOLPOST_ID,CATEGORY,TITLE,CONTEXT,WRITER,WRITEDATE,GRADE_CLASS_CODE,SCHOOL_ID,YMD,FILE_PATH,READCNT) values (4,'가정통신문','교과용도서 선정 관련 부조리 예방 안내문','교과용 도서 선정 고나련 부조리 예방 안내문','tea',to_date('2022-09-16 19:00:48','YYYY-MM-DD HH24:MI:SS'),602,7401189,null,null,1);
Insert into BTEAM.SCHOOLPOST (SCHOOLPOST_ID,CATEGORY,TITLE,CONTEXT,WRITER,WRITEDATE,GRADE_CLASS_CODE,SCHOOL_ID,YMD,FILE_PATH,READCNT) values (5,'가정통신문','2학기 학부모연수 안내','2학기 학부모연수 안내','tea',to_date('2022-09-19 19:00:54','YYYY-MM-DD HH24:MI:SS'),602,7401189,null,null,2);
Insert into BTEAM.SCHOOLPOST (SCHOOLPOST_ID,CATEGORY,TITLE,CONTEXT,WRITER,WRITEDATE,GRADE_CLASS_CODE,SCHOOL_ID,YMD,FILE_PATH,READCNT) values (6,'공지사항','9월 안전점검의 날 홍보자료','9월 안전점검의 날 홍보자료입니다. 태풍, 집중호우 시 학생행동요령 참고하시기 바랍니다.','tea',to_date('2022-09-07 19:03:19','YYYY-MM-DD HH24:MI:SS'),602,7401189,null,null,2);
Insert into BTEAM.SCHOOLPOST (SCHOOLPOST_ID,CATEGORY,TITLE,CONTEXT,WRITER,WRITEDATE,GRADE_CLASS_CODE,SCHOOL_ID,YMD,FILE_PATH,READCNT) values (7,'공지사항','음식물쓰레기 줄이기 포스터 공모전 관련 안내 및 협조 요청','음식물쓰레기 줄이기 포스터 공모전 관련 안내 및 협조 요청.
공모전 접수 기간은 9월 13일부터 9월 30일 까지입니다.','tea',to_date('2022-09-08 19:03:30','YYYY-MM-DD HH24:MI:SS'),602,7401189,null,null,1);
Insert into BTEAM.SCHOOLPOST (SCHOOLPOST_ID,CATEGORY,TITLE,CONTEXT,WRITER,WRITEDATE,GRADE_CLASS_CODE,SCHOOL_ID,YMD,FILE_PATH,READCNT) values (8,'공지사항','2022학년도 학년별 과정중심 평가계획 안내(1, 2학기)','2022학년 1,2학기 학년별 과정중심평가계획 안내
학교/학년교육과정 운영에 따라 평가내용과 시기가 변경될 수 있습니다.','tea',to_date('2022-09-14 19:11:09','YYYY-MM-DD HH24:MI:SS'),602,7401189,null,null,2);
Insert into BTEAM.SCHOOLPOST (SCHOOLPOST_ID,CATEGORY,TITLE,CONTEXT,WRITER,WRITEDATE,GRADE_CLASS_CODE,SCHOOL_ID,YMD,FILE_PATH,READCNT) values (9,'공지사항','영산강문화관 2022 영산강 어린이 환경미술제 개최 알림 및 홍보','영산강문화관 2022 영산강 어린이 환경미술제 개최 알림 및 홍보 협조.
어린이 환경미술제는 방문 및 등기우편으로 접수 가능합니다.','tea',to_date('2022-09-15 19:11:16','YYYY-MM-DD HH24:MI:SS'),602,7401189,null,null,1);
Insert into BTEAM.SCHOOLPOST (SCHOOLPOST_ID,CATEGORY,TITLE,CONTEXT,WRITER,WRITEDATE,GRADE_CLASS_CODE,SCHOOL_ID,YMD,FILE_PATH,READCNT) values (10,'공지사항','2022년 제 31회 용아 박용철 전국 백일장 홍보 및 참여 협조','2022년 제 31회 용아 박용철 전국 백일장 홍보 및 참여 협조.
광산구에서 민족문예운동가 용아 박용철 시인을 기념하고 문학 분야 인재 발굴 및 육성하기 위해 제 31회 용아 박용철 전국 백일장을 개최하오니, 많은 학생들이 참여할 수 있도록 적극 홍보하여 주시기 바랍니다.','tea',to_date('2022-09-15 19:11:24','YYYY-MM-DD HH24:MI:SS'),602,7401189,null,null,2);
Insert into BTEAM.SCHOOLPOST (SCHOOLPOST_ID,CATEGORY,TITLE,CONTEXT,WRITER,WRITEDATE,GRADE_CLASS_CODE,SCHOOL_ID,YMD,FILE_PATH,READCNT) values (125,'가정통신문','제 154호 2022 교원능력개발평가 안내','￭ ‘교원능력개발평가’는 왜 실시하나요?

○ 교육 구성원간의 참여 ‧ 소통으로 학교 교육의 신뢰를 제고하고 공교육을 강화하는 역할을 합니다.

○ 교원능력개발평가의 평가 결과는 교사의 수업 전문성 향상 및 능력 개발 자료로 적극 활용됩니다. 



￭ 교원능력개발평가, 누가 하나요?

☑ 학생 만족도 조사 : 초등학교 4~6학년

☑ 학부모 만족도 조사 : 초등학교 1학년~6학년

※ 단, 2개월 미만 재학한 학생 및 학생의 학부모는 참여에서 제외됩니다.','yg',to_date('2022-10-21 16:01:20','YYYY-MM-DD HH24:MI:SS'),501,7191082,null,'http://192.168.0.58/bteam/upload/andSchool/2022/10/21/c8998fd5-2189-48bd-b014-d2f8e89f5365_1. 학부모 홍보 안내 가정통신문.hwp',3);
Insert into BTEAM.SCHOOLPOST (SCHOOLPOST_ID,CATEGORY,TITLE,CONTEXT,WRITER,WRITEDATE,GRADE_CLASS_CODE,SCHOOL_ID,YMD,FILE_PATH,READCNT) values (74,'학교게시판','룰루랄라','안녕하세요 저는 김가나입니다','gana',to_date('2022-10-11 17:27:07','YYYY-MM-DD HH24:MI:SS'),602,7401189,null,'http://192.168.0.119:81/bteam/upload/andSchool/2022/10/11/95213c36-5e9d-475d-a94b-dee62eb8034b_test.jpg',2);
Insert into BTEAM.SCHOOLPOST (SCHOOLPOST_ID,CATEGORY,TITLE,CONTEXT,WRITER,WRITEDATE,GRADE_CLASS_CODE,SCHOOL_ID,YMD,FILE_PATH,READCNT) values (16,'일정',null,'9/5 월 2학기 학급임원선거','2',to_date('2022-08-31 19:23:49','YYYY-MM-DD HH24:MI:SS'),101,7401189,to_date('2022-09-24 18:46:36','YYYY-MM-DD HH24:MI:SS'),null,null);
Insert into BTEAM.SCHOOLPOST (SCHOOLPOST_ID,CATEGORY,TITLE,CONTEXT,WRITER,WRITEDATE,GRADE_CLASS_CODE,SCHOOL_ID,YMD,FILE_PATH,READCNT) values (17,'일정',null,'추석연휴','2',to_date('2022-08-31 19:25:39','YYYY-MM-DD HH24:MI:SS'),101,7401189,to_date('2022-09-23 18:46:42','YYYY-MM-DD HH24:MI:SS'),null,null);
Insert into BTEAM.SCHOOLPOST (SCHOOLPOST_ID,CATEGORY,TITLE,CONTEXT,WRITER,WRITEDATE,GRADE_CLASS_CODE,SCHOOL_ID,YMD,FILE_PATH,READCNT) values (18,'일정',null,'친구사랑주간','2',to_date('2022-08-31 19:25:44','YYYY-MM-DD HH24:MI:SS'),101,7401189,to_date('2022-09-26 18:46:56','YYYY-MM-DD HH24:MI:SS'),null,null);
Insert into BTEAM.SCHOOLPOST (SCHOOLPOST_ID,CATEGORY,TITLE,CONTEXT,WRITER,WRITEDATE,GRADE_CLASS_CODE,SCHOOL_ID,YMD,FILE_PATH,READCNT) values (20,'일정',null,'10/10 월 대체공휴일','2',to_date('2022-08-31 19:26:05','YYYY-MM-DD HH24:MI:SS'),101,7401189,to_date('2022-10-10 18:47:09','YYYY-MM-DD HH24:MI:SS'),null,null);
Insert into BTEAM.SCHOOLPOST (SCHOOLPOST_ID,CATEGORY,TITLE,CONTEXT,WRITER,WRITEDATE,GRADE_CLASS_CODE,SCHOOL_ID,YMD,FILE_PATH,READCNT) values (38,'알림장','숙제','9/26 월까지 과학 59쪽 연습문제 풀어오기','tea',to_date('2022-09-23 12:02:36','YYYY-MM-DD HH24:MI:SS'),602,7401189,null,null,1);
Insert into BTEAM.SCHOOLPOST (SCHOOLPOST_ID,CATEGORY,TITLE,CONTEXT,WRITER,WRITEDATE,GRADE_CLASS_CODE,SCHOOL_ID,YMD,FILE_PATH,READCNT) values (39,'알림장','준비물','9/30 금 미술시간 색연필, 도화지 준비','tea',to_date('2022-09-26 12:02:39','YYYY-MM-DD HH24:MI:SS'),602,7401189,null,null,1);
Insert into BTEAM.SCHOOLPOST (SCHOOLPOST_ID,CATEGORY,TITLE,CONTEXT,WRITER,WRITEDATE,GRADE_CLASS_CODE,SCHOOL_ID,YMD,FILE_PATH,READCNT) values (40,'알림장','숙제','9/29 목까지 수학 82쪽 연습문제 풀기','tea',to_date('2022-09-28 12:02:46','YYYY-MM-DD HH24:MI:SS'),602,7401189,null,null,1);
Insert into BTEAM.SCHOOLPOST (SCHOOLPOST_ID,CATEGORY,TITLE,CONTEXT,WRITER,WRITEDATE,GRADE_CLASS_CODE,SCHOOL_ID,YMD,FILE_PATH,READCNT) values (41,'알림장','숙제','9/30 금까지 국어 3과 지문 읽어오기','tea',to_date('2022-09-29 12:02:50','YYYY-MM-DD HH24:MI:SS'),602,7401189,null,null,3);
Insert into BTEAM.SCHOOLPOST (SCHOOLPOST_ID,CATEGORY,TITLE,CONTEXT,WRITER,WRITEDATE,GRADE_CLASS_CODE,SCHOOL_ID,YMD,FILE_PATH,READCNT) values (42,'알림장','준비물','10/4 화 미술시간 지점토 준비','tea',to_date('2022-09-30 12:02:53','YYYY-MM-DD HH24:MI:SS'),602,7401189,null,null,null);
Insert into BTEAM.SCHOOLPOST (SCHOOLPOST_ID,CATEGORY,TITLE,CONTEXT,WRITER,WRITEDATE,GRADE_CLASS_CODE,SCHOOL_ID,YMD,FILE_PATH,READCNT) values (47,'반게시판','반 첫글','반갑습니다','jyp',to_date('2022-09-27 20:35:19','YYYY-MM-DD HH24:MI:SS'),501,7191082,null,null,0);
Insert into BTEAM.SCHOOLPOST (SCHOOLPOST_ID,CATEGORY,TITLE,CONTEXT,WRITER,WRITEDATE,GRADE_CLASS_CODE,SCHOOL_ID,YMD,FILE_PATH,READCNT) values (48,'학교게시판','학교 첫글','안녕하세요','jyp',to_date('2022-09-27 20:35:24','YYYY-MM-DD HH24:MI:SS'),501,7191082,null,null,2);
Insert into BTEAM.SCHOOLPOST (SCHOOLPOST_ID,CATEGORY,TITLE,CONTEXT,WRITER,WRITEDATE,GRADE_CLASS_CODE,SCHOOL_ID,YMD,FILE_PATH,READCNT) values (63,'일정',null,'현장체험학습',null,to_date('2022-10-07 17:30:34','YYYY-MM-DD HH24:MI:SS'),101,7401189,to_date('2022-10-05 00:00:00','YYYY-MM-DD HH24:MI:SS'),null,null);
Insert into BTEAM.SCHOOLPOST (SCHOOLPOST_ID,CATEGORY,TITLE,CONTEXT,WRITER,WRITEDATE,GRADE_CLASS_CODE,SCHOOL_ID,YMD,FILE_PATH,READCNT) values (129,'가정통신문','인플루엔자 예방안내','인플루엔자 예방 안내입니다.','tea',to_date('2022-10-21 16:53:31','YYYY-MM-DD HH24:MI:SS'),602,7401189,null,'http://192.168.0.58/bteam/upload/andSchool/2022/10/21/d310300f-f76c-4884-924a-78ebcd9ff3b2_인플루엔자예방.png',5);
Insert into BTEAM.SCHOOLPOST (SCHOOLPOST_ID,CATEGORY,TITLE,CONTEXT,WRITER,WRITEDATE,GRADE_CLASS_CODE,SCHOOL_ID,YMD,FILE_PATH,READCNT) values (128,'공지사항','2023학년도 검정도서(5·6학년 수학, 사회, 과학) 선정 결과','2023학년도 검정교과서는 교과협의회 추천, 운영위원회 심의 과정을 통해 아래와 같이 최종 선정되었습니다.

                                             

                                           - 아 래 - ','tea',to_date('2022-10-21 16:49:37','YYYY-MM-DD HH24:MI:SS'),602,7401189,null,'http://192.168.0.58/bteam/upload/andSchool/2022/10/21/8358c6ad-db4e-47ee-bdfa-f1ef707d4bb4_교과선정.png',4);
Insert into BTEAM.SCHOOLPOST (SCHOOLPOST_ID,CATEGORY,TITLE,CONTEXT,WRITER,WRITEDATE,GRADE_CLASS_CODE,SCHOOL_ID,YMD,FILE_PATH,READCNT) values (130,'공지사항','학부모와 함께하는 제1회 「부산교육 희망사다리 프로젝트」 행사','학부모와 함께하는

제1회「부산교육 희망사다리 프로젝트」안내

 

  안녕하십니까?

  학부모와 함께하는 제1회 「부산교육 희망사다리 프로젝트」를 개최 하오니 아래 내용을 참고하시어 관심 있는 

학부모님의 많은 참여 바랍니다.','yg',to_date('2022-10-21 16:56:01','YYYY-MM-DD HH24:MI:SS'),501,7191082,null,'http://192.168.0.58/bteam/upload/andSchool/2022/10/21/b5820e7f-09b2-4b3f-b3fb-75c215b9840c_희망사다리.png',4);
Insert into BTEAM.SCHOOLPOST (SCHOOLPOST_ID,CATEGORY,TITLE,CONTEXT,WRITER,WRITEDATE,GRADE_CLASS_CODE,SCHOOL_ID,YMD,FILE_PATH,READCNT) values (50,'반게시판','hi','have a good day!','jyp',to_date('2022-09-28 00:22:29','YYYY-MM-DD HH24:MI:SS'),501,7191082,null,null,0);
Insert into BTEAM.SCHOOLPOST (SCHOOLPOST_ID,CATEGORY,TITLE,CONTEXT,WRITER,WRITEDATE,GRADE_CLASS_CODE,SCHOOL_ID,YMD,FILE_PATH,READCNT) values (54,'반게시판','하이','하이','jyp',to_date('2022-09-29 14:50:12','YYYY-MM-DD HH24:MI:SS'),501,7191082,null,null,0);
Insert into BTEAM.SCHOOLPOST (SCHOOLPOST_ID,CATEGORY,TITLE,CONTEXT,WRITER,WRITEDATE,GRADE_CLASS_CODE,SCHOOL_ID,YMD,FILE_PATH,READCNT) values (73,'반게시판','안녕','안녕??','gana',to_date('2022-10-08 21:21:13','YYYY-MM-DD HH24:MI:SS'),602,7401189,null,'http://192.168.0.119:81/bteam/upload/andSchool/2022/10/08/17213c67-8b78-42ae-bd6c-9386bfd749b8_test.jpg',4);
Insert into BTEAM.SCHOOLPOST (SCHOOLPOST_ID,CATEGORY,TITLE,CONTEXT,WRITER,WRITEDATE,GRADE_CLASS_CODE,SCHOOL_ID,YMD,FILE_PATH,READCNT) values (139,'일정',null,'일정',null,to_date('2022-10-27 14:15:29','YYYY-MM-DD HH24:MI:SS'),101,7401189,to_date('2022-10-19 00:00:00','YYYY-MM-DD HH24:MI:SS'),null,0);
Insert into BTEAM.SCHOOLPOST (SCHOOLPOST_ID,CATEGORY,TITLE,CONTEXT,WRITER,WRITEDATE,GRADE_CLASS_CODE,SCHOOL_ID,YMD,FILE_PATH,READCNT) values (79,'알림장','준비물','10월 17일 월요일까지 과학시간 플라스크 준비','yg',to_date('2022-10-15 19:48:03','YYYY-MM-DD HH24:MI:SS'),501,7191082,null,null,4);
Insert into BTEAM.SCHOOLPOST (SCHOOLPOST_ID,CATEGORY,TITLE,CONTEXT,WRITER,WRITEDATE,GRADE_CLASS_CODE,SCHOOL_ID,YMD,FILE_PATH,READCNT) values (142,'반게시판','나는야 다라야','하늘을 날아볼까?','dara',to_date('2022-10-27 14:33:08','YYYY-MM-DD HH24:MI:SS'),602,7401189,null,null,6);
REM INSERTING into BTEAM.SCHOOLPOST_FILE
SET DEFINE OFF;
Insert into BTEAM.SCHOOLPOST_FILE (ID,SCHOOLPOST_ID,FILENAME,FILEPATH) values (62,165,'schoolpost.jpg','http://192.168.0.62/bteam/upload/andSchool/2022/11/01/0f4563f9-c26f-4de4-a4af-c8a2f97ac573_schoolpost.jpg');
Insert into BTEAM.SCHOOLPOST_FILE (ID,SCHOOLPOST_ID,FILENAME,FILEPATH) values (52,159,'schoolpost.jpg','http://192.168.0.58/bteam/upload/andSchool/2022/10/27/0654e3d8-53bb-4f6f-b1cf-60e0ada73c98_schoolpost.jpg');
Insert into BTEAM.SCHOOLPOST_FILE (ID,SCHOOLPOST_ID,FILENAME,FILEPATH) values (28,125,'1. 학부모 홍보 안내 가정통신문.hwp','http://192.168.0.58/bteam/upload/andSchool/2022/10/21/c8998fd5-2189-48bd-b014-d2f8e89f5365_1. 학부모 홍보 안내 가정통신문.hwp');
Insert into BTEAM.SCHOOLPOST_FILE (ID,SCHOOLPOST_ID,FILENAME,FILEPATH) values (30,128,'교과선정.png','http://192.168.0.58/bteam/upload/andSchool/2022/10/21/8358c6ad-db4e-47ee-bdfa-f1ef707d4bb4_교과선정.png');
Insert into BTEAM.SCHOOLPOST_FILE (ID,SCHOOLPOST_ID,FILENAME,FILEPATH) values (31,129,'인플루엔자예방.png','http://192.168.0.58/bteam/upload/andSchool/2022/10/21/d310300f-f76c-4884-924a-78ebcd9ff3b2_인플루엔자예방.png');
Insert into BTEAM.SCHOOLPOST_FILE (ID,SCHOOLPOST_ID,FILENAME,FILEPATH) values (34,130,'희망사다리.png','http://192.168.0.58/bteam/upload/andSchool/2022/10/21/b5820e7f-09b2-4b3f-b3fb-75c215b9840c_희망사다리.png');
REM INSERTING into BTEAM.SCHOOL_FIELD
SET DEFINE OFF;
Insert into BTEAM.SCHOOL_FIELD (FIELD,CATEGORY) values (1,'공지사항');
Insert into BTEAM.SCHOOL_FIELD (FIELD,CATEGORY) values (2,'가정통신문');
Insert into BTEAM.SCHOOL_FIELD (FIELD,CATEGORY) values (3,'알림장');
REM INSERTING into BTEAM.SCRAP
SET DEFINE OFF;
Insert into BTEAM.SCRAP (SCRAPPER,BOARD_ID,SCRAP_ID) values ('dara',90,26);
Insert into BTEAM.SCRAP (SCRAPPER,BOARD_ID,SCRAP_ID) values ('gana',110,16);
Insert into BTEAM.SCRAP (SCRAPPER,BOARD_ID,SCRAP_ID) values ('dara',36,19);
Insert into BTEAM.SCRAP (SCRAPPER,BOARD_ID,SCRAP_ID) values ('dara',104,15);
REM INSERTING into BTEAM.TIMETABLE
SET DEFINE OFF;
Insert into BTEAM.TIMETABLE (GRADE_CLASS_CODE,SCHOOL_ID,SUBJECT,PERIOD,DAY) values (602,7401189,'일정',1,'20220924');
--------------------------------------------------------
--  DDL for Index BOARD_COMMENT_ID_PK
--------------------------------------------------------

  CREATE UNIQUE INDEX "BTEAM"."BOARD_COMMENT_ID_PK" ON "BTEAM"."BOARD_COMMENT" ("ID") 
  PCTFREE 10 INITRANS 2 MAXTRANS 255 COMPUTE STATISTICS 
  STORAGE(INITIAL 65536 NEXT 1048576 MINEXTENTS 1 MAXEXTENTS 2147483645
  PCTINCREASE 0 FREELISTS 1 FREELIST GROUPS 1
  BUFFER_POOL DEFAULT FLASH_CACHE DEFAULT CELL_FLASH_CACHE DEFAULT)
  TABLESPACE "USERS" ;
--------------------------------------------------------
--  DDL for Index BOARD_FILE_ID_PK
--------------------------------------------------------

  CREATE UNIQUE INDEX "BTEAM"."BOARD_FILE_ID_PK" ON "BTEAM"."BOARD_FILE" ("ID") 
  PCTFREE 10 INITRANS 2 MAXTRANS 255 COMPUTE STATISTICS 
  STORAGE(INITIAL 65536 NEXT 1048576 MINEXTENTS 1 MAXEXTENTS 2147483645
  PCTINCREASE 0 FREELISTS 1 FREELIST GROUPS 1
  BUFFER_POOL DEFAULT FLASH_CACHE DEFAULT CELL_FLASH_CACHE DEFAULT)
  TABLESPACE "USERS" ;
--------------------------------------------------------
--  DDL for Index BOARD_ID_PK
--------------------------------------------------------

  CREATE UNIQUE INDEX "BTEAM"."BOARD_ID_PK" ON "BTEAM"."BOARD" ("ID") 
  PCTFREE 10 INITRANS 2 MAXTRANS 255 COMPUTE STATISTICS 
  STORAGE(INITIAL 65536 NEXT 1048576 MINEXTENTS 1 MAXEXTENTS 2147483645
  PCTINCREASE 0 FREELISTS 1 FREELIST GROUPS 1
  BUFFER_POOL DEFAULT FLASH_CACHE DEFAULT CELL_FLASH_CACHE DEFAULT)
  TABLESPACE "USERS" ;
--------------------------------------------------------
--  DDL for Index MEDIUM_ID_PK
--------------------------------------------------------

  CREATE UNIQUE INDEX "BTEAM"."MEDIUM_ID_PK" ON "BTEAM"."CATEGORY_QNA" ("ID") 
  PCTFREE 10 INITRANS 2 MAXTRANS 255 COMPUTE STATISTICS 
  STORAGE(INITIAL 65536 NEXT 1048576 MINEXTENTS 1 MAXEXTENTS 2147483645
  PCTINCREASE 0 FREELISTS 1 FREELIST GROUPS 1
  BUFFER_POOL DEFAULT FLASH_CACHE DEFAULT CELL_FLASH_CACHE DEFAULT)
  TABLESPACE "USERS" ;
--------------------------------------------------------
--  DDL for Index PK_BOARD_GROUP
--------------------------------------------------------

  CREATE UNIQUE INDEX "BTEAM"."PK_BOARD_GROUP" ON "BTEAM"."BOARD_GROUP" ("BOARD_GROUP_ID") 
  PCTFREE 10 INITRANS 2 MAXTRANS 255 COMPUTE STATISTICS 
  STORAGE(INITIAL 65536 NEXT 1048576 MINEXTENTS 1 MAXEXTENTS 2147483645
  PCTINCREASE 0 FREELISTS 1 FREELIST GROUPS 1
  BUFFER_POOL DEFAULT FLASH_CACHE DEFAULT CELL_FLASH_CACHE DEFAULT)
  TABLESPACE "USERS" ;
--------------------------------------------------------
--  DDL for Index PK_CLASS_CODE
--------------------------------------------------------

  CREATE UNIQUE INDEX "BTEAM"."PK_CLASS_CODE" ON "BTEAM"."CLASS_CODE" ("GRADE_CLASS_CODE", "SCHOOL_ID") 
  PCTFREE 10 INITRANS 2 MAXTRANS 255 COMPUTE STATISTICS 
  STORAGE(INITIAL 65536 NEXT 1048576 MINEXTENTS 1 MAXEXTENTS 2147483645
  PCTINCREASE 0 FREELISTS 1 FREELIST GROUPS 1
  BUFFER_POOL DEFAULT FLASH_CACHE DEFAULT CELL_FLASH_CACHE DEFAULT)
  TABLESPACE "USERS" ;
--------------------------------------------------------
--  DDL for Index PK_EVENTS
--------------------------------------------------------

  CREATE UNIQUE INDEX "BTEAM"."PK_EVENTS" ON "BTEAM"."EVENTS" ("MEMBER_ID") 
  PCTFREE 10 INITRANS 2 MAXTRANS 255 COMPUTE STATISTICS 
  STORAGE(INITIAL 65536 NEXT 1048576 MINEXTENTS 1 MAXEXTENTS 2147483645
  PCTINCREASE 0 FREELISTS 1 FREELIST GROUPS 1
  BUFFER_POOL DEFAULT FLASH_CACHE DEFAULT CELL_FLASH_CACHE DEFAULT)
  TABLESPACE "USERS" ;
--------------------------------------------------------
--  DDL for Index PK_MEMBER
--------------------------------------------------------

  CREATE UNIQUE INDEX "BTEAM"."PK_MEMBER" ON "BTEAM"."MEMBER" ("USERID") 
  PCTFREE 10 INITRANS 2 MAXTRANS 255 COMPUTE STATISTICS 
  STORAGE(INITIAL 65536 NEXT 1048576 MINEXTENTS 1 MAXEXTENTS 2147483645
  PCTINCREASE 0 FREELISTS 1 FREELIST GROUPS 1
  BUFFER_POOL DEFAULT FLASH_CACHE DEFAULT CELL_FLASH_CACHE DEFAULT)
  TABLESPACE "USERS" ;
--------------------------------------------------------
--  DDL for Index PK_SCHOOL
--------------------------------------------------------

  CREATE UNIQUE INDEX "BTEAM"."PK_SCHOOL" ON "BTEAM"."SCHOOL" ("SCHOOL_ID") 
  PCTFREE 10 INITRANS 2 MAXTRANS 255 COMPUTE STATISTICS 
  STORAGE(INITIAL 65536 NEXT 1048576 MINEXTENTS 1 MAXEXTENTS 2147483645
  PCTINCREASE 0 FREELISTS 1 FREELIST GROUPS 1
  BUFFER_POOL DEFAULT FLASH_CACHE DEFAULT CELL_FLASH_CACHE DEFAULT)
  TABLESPACE "USERS" ;
--------------------------------------------------------
--  DDL for Index PK_TIMETABLE
--------------------------------------------------------

  CREATE UNIQUE INDEX "BTEAM"."PK_TIMETABLE" ON "BTEAM"."TIMETABLE" ("GRADE_CLASS_CODE", "SCHOOL_ID") 
  PCTFREE 10 INITRANS 2 MAXTRANS 255 COMPUTE STATISTICS 
  STORAGE(INITIAL 65536 NEXT 1048576 MINEXTENTS 1 MAXEXTENTS 2147483645
  PCTINCREASE 0 FREELISTS 1 FREELIST GROUPS 1
  BUFFER_POOL DEFAULT FLASH_CACHE DEFAULT CELL_FLASH_CACHE DEFAULT)
  TABLESPACE "USERS" ;
--------------------------------------------------------
--  DDL for Index QNA_ANSWER_ID_PK
--------------------------------------------------------

  CREATE UNIQUE INDEX "BTEAM"."QNA_ANSWER_ID_PK" ON "BTEAM"."QNA_ANSWER" ("ID") 
  PCTFREE 10 INITRANS 2 MAXTRANS 255 COMPUTE STATISTICS 
  STORAGE(INITIAL 65536 NEXT 1048576 MINEXTENTS 1 MAXEXTENTS 2147483645
  PCTINCREASE 0 FREELISTS 1 FREELIST GROUPS 1
  BUFFER_POOL DEFAULT FLASH_CACHE DEFAULT CELL_FLASH_CACHE DEFAULT)
  TABLESPACE "USERS" ;
--------------------------------------------------------
--  DDL for Index QNA_ID_PK
--------------------------------------------------------

  CREATE UNIQUE INDEX "BTEAM"."QNA_ID_PK" ON "BTEAM"."QNA" ("ID") 
  PCTFREE 10 INITRANS 2 MAXTRANS 255 COMPUTE STATISTICS 
  STORAGE(INITIAL 65536 NEXT 1048576 MINEXTENTS 1 MAXEXTENTS 2147483645
  PCTINCREASE 0 FREELISTS 1 FREELIST GROUPS 1
  BUFFER_POOL DEFAULT FLASH_CACHE DEFAULT CELL_FLASH_CACHE DEFAULT)
  TABLESPACE "USERS" ;
--------------------------------------------------------
--  DDL for Index SCHOOLPOST_FILE_ID_PK
--------------------------------------------------------

  CREATE UNIQUE INDEX "BTEAM"."SCHOOLPOST_FILE_ID_PK" ON "BTEAM"."SCHOOLPOST_FILE" ("ID") 
  PCTFREE 10 INITRANS 2 MAXTRANS 255 COMPUTE STATISTICS 
  STORAGE(INITIAL 65536 NEXT 1048576 MINEXTENTS 1 MAXEXTENTS 2147483645
  PCTINCREASE 0 FREELISTS 1 FREELIST GROUPS 1
  BUFFER_POOL DEFAULT FLASH_CACHE DEFAULT CELL_FLASH_CACHE DEFAULT)
  TABLESPACE "USERS" ;
--------------------------------------------------------
--  DDL for Index SCHOOLPOST_ID_PK
--------------------------------------------------------

  CREATE UNIQUE INDEX "BTEAM"."SCHOOLPOST_ID_PK" ON "BTEAM"."SCHOOLPOST" ("SCHOOLPOST_ID") 
  PCTFREE 10 INITRANS 2 MAXTRANS 255 COMPUTE STATISTICS 
  STORAGE(INITIAL 65536 NEXT 1048576 MINEXTENTS 1 MAXEXTENTS 2147483645
  PCTINCREASE 0 FREELISTS 1 FREELIST GROUPS 1
  BUFFER_POOL DEFAULT FLASH_CACHE DEFAULT CELL_FLASH_CACHE DEFAULT)
  TABLESPACE "USERS" ;
--------------------------------------------------------
--  DDL for Index SCRAP_PK
--------------------------------------------------------

  CREATE UNIQUE INDEX "BTEAM"."SCRAP_PK" ON "BTEAM"."SCRAP" ("SCRAP_ID") 
  PCTFREE 10 INITRANS 2 MAXTRANS 255 COMPUTE STATISTICS 
  STORAGE(INITIAL 65536 NEXT 1048576 MINEXTENTS 1 MAXEXTENTS 2147483645
  PCTINCREASE 0 FREELISTS 1 FREELIST GROUPS 1
  BUFFER_POOL DEFAULT FLASH_CACHE DEFAULT CELL_FLASH_CACHE DEFAULT)
  TABLESPACE "USERS" ;
--------------------------------------------------------
--  DDL for Index SYS_C0011428
--------------------------------------------------------

  CREATE UNIQUE INDEX "BTEAM"."SYS_C0011428" ON "BTEAM"."CALENDAR_WEB" ("ID") 
  PCTFREE 10 INITRANS 2 MAXTRANS 255 COMPUTE STATISTICS 
  STORAGE(INITIAL 65536 NEXT 1048576 MINEXTENTS 1 MAXEXTENTS 2147483645
  PCTINCREASE 0 FREELISTS 1 FREELIST GROUPS 1
  BUFFER_POOL DEFAULT FLASH_CACHE DEFAULT CELL_FLASH_CACHE DEFAULT)
  TABLESPACE "USERS" ;
--------------------------------------------------------
--  DDL for Index BOARD_ID_PK
--------------------------------------------------------

  CREATE UNIQUE INDEX "BTEAM"."BOARD_ID_PK" ON "BTEAM"."BOARD" ("ID") 
  PCTFREE 10 INITRANS 2 MAXTRANS 255 COMPUTE STATISTICS 
  STORAGE(INITIAL 65536 NEXT 1048576 MINEXTENTS 1 MAXEXTENTS 2147483645
  PCTINCREASE 0 FREELISTS 1 FREELIST GROUPS 1
  BUFFER_POOL DEFAULT FLASH_CACHE DEFAULT CELL_FLASH_CACHE DEFAULT)
  TABLESPACE "USERS" ;
--------------------------------------------------------
--  DDL for Index BOARD_COMMENT_ID_PK
--------------------------------------------------------

  CREATE UNIQUE INDEX "BTEAM"."BOARD_COMMENT_ID_PK" ON "BTEAM"."BOARD_COMMENT" ("ID") 
  PCTFREE 10 INITRANS 2 MAXTRANS 255 COMPUTE STATISTICS 
  STORAGE(INITIAL 65536 NEXT 1048576 MINEXTENTS 1 MAXEXTENTS 2147483645
  PCTINCREASE 0 FREELISTS 1 FREELIST GROUPS 1
  BUFFER_POOL DEFAULT FLASH_CACHE DEFAULT CELL_FLASH_CACHE DEFAULT)
  TABLESPACE "USERS" ;
--------------------------------------------------------
--  DDL for Index BOARD_FILE_ID_PK
--------------------------------------------------------

  CREATE UNIQUE INDEX "BTEAM"."BOARD_FILE_ID_PK" ON "BTEAM"."BOARD_FILE" ("ID") 
  PCTFREE 10 INITRANS 2 MAXTRANS 255 COMPUTE STATISTICS 
  STORAGE(INITIAL 65536 NEXT 1048576 MINEXTENTS 1 MAXEXTENTS 2147483645
  PCTINCREASE 0 FREELISTS 1 FREELIST GROUPS 1
  BUFFER_POOL DEFAULT FLASH_CACHE DEFAULT CELL_FLASH_CACHE DEFAULT)
  TABLESPACE "USERS" ;
--------------------------------------------------------
--  DDL for Index PK_BOARD_GROUP
--------------------------------------------------------

  CREATE UNIQUE INDEX "BTEAM"."PK_BOARD_GROUP" ON "BTEAM"."BOARD_GROUP" ("BOARD_GROUP_ID") 
  PCTFREE 10 INITRANS 2 MAXTRANS 255 COMPUTE STATISTICS 
  STORAGE(INITIAL 65536 NEXT 1048576 MINEXTENTS 1 MAXEXTENTS 2147483645
  PCTINCREASE 0 FREELISTS 1 FREELIST GROUPS 1
  BUFFER_POOL DEFAULT FLASH_CACHE DEFAULT CELL_FLASH_CACHE DEFAULT)
  TABLESPACE "USERS" ;
--------------------------------------------------------
--  DDL for Index SYS_C0011428
--------------------------------------------------------

  CREATE UNIQUE INDEX "BTEAM"."SYS_C0011428" ON "BTEAM"."CALENDAR_WEB" ("ID") 
  PCTFREE 10 INITRANS 2 MAXTRANS 255 COMPUTE STATISTICS 
  STORAGE(INITIAL 65536 NEXT 1048576 MINEXTENTS 1 MAXEXTENTS 2147483645
  PCTINCREASE 0 FREELISTS 1 FREELIST GROUPS 1
  BUFFER_POOL DEFAULT FLASH_CACHE DEFAULT CELL_FLASH_CACHE DEFAULT)
  TABLESPACE "USERS" ;
--------------------------------------------------------
--  DDL for Index MEDIUM_ID_PK
--------------------------------------------------------

  CREATE UNIQUE INDEX "BTEAM"."MEDIUM_ID_PK" ON "BTEAM"."CATEGORY_QNA" ("ID") 
  PCTFREE 10 INITRANS 2 MAXTRANS 255 COMPUTE STATISTICS 
  STORAGE(INITIAL 65536 NEXT 1048576 MINEXTENTS 1 MAXEXTENTS 2147483645
  PCTINCREASE 0 FREELISTS 1 FREELIST GROUPS 1
  BUFFER_POOL DEFAULT FLASH_CACHE DEFAULT CELL_FLASH_CACHE DEFAULT)
  TABLESPACE "USERS" ;
--------------------------------------------------------
--  DDL for Index PK_CLASS_CODE
--------------------------------------------------------

  CREATE UNIQUE INDEX "BTEAM"."PK_CLASS_CODE" ON "BTEAM"."CLASS_CODE" ("GRADE_CLASS_CODE", "SCHOOL_ID") 
  PCTFREE 10 INITRANS 2 MAXTRANS 255 COMPUTE STATISTICS 
  STORAGE(INITIAL 65536 NEXT 1048576 MINEXTENTS 1 MAXEXTENTS 2147483645
  PCTINCREASE 0 FREELISTS 1 FREELIST GROUPS 1
  BUFFER_POOL DEFAULT FLASH_CACHE DEFAULT CELL_FLASH_CACHE DEFAULT)
  TABLESPACE "USERS" ;
--------------------------------------------------------
--  DDL for Index PK_EVENTS
--------------------------------------------------------

  CREATE UNIQUE INDEX "BTEAM"."PK_EVENTS" ON "BTEAM"."EVENTS" ("MEMBER_ID") 
  PCTFREE 10 INITRANS 2 MAXTRANS 255 COMPUTE STATISTICS 
  STORAGE(INITIAL 65536 NEXT 1048576 MINEXTENTS 1 MAXEXTENTS 2147483645
  PCTINCREASE 0 FREELISTS 1 FREELIST GROUPS 1
  BUFFER_POOL DEFAULT FLASH_CACHE DEFAULT CELL_FLASH_CACHE DEFAULT)
  TABLESPACE "USERS" ;
--------------------------------------------------------
--  DDL for Index PK_MEMBER
--------------------------------------------------------

  CREATE UNIQUE INDEX "BTEAM"."PK_MEMBER" ON "BTEAM"."MEMBER" ("USERID") 
  PCTFREE 10 INITRANS 2 MAXTRANS 255 COMPUTE STATISTICS 
  STORAGE(INITIAL 65536 NEXT 1048576 MINEXTENTS 1 MAXEXTENTS 2147483645
  PCTINCREASE 0 FREELISTS 1 FREELIST GROUPS 1
  BUFFER_POOL DEFAULT FLASH_CACHE DEFAULT CELL_FLASH_CACHE DEFAULT)
  TABLESPACE "USERS" ;
--------------------------------------------------------
--  DDL for Index QNA_ID_PK
--------------------------------------------------------

  CREATE UNIQUE INDEX "BTEAM"."QNA_ID_PK" ON "BTEAM"."QNA" ("ID") 
  PCTFREE 10 INITRANS 2 MAXTRANS 255 COMPUTE STATISTICS 
  STORAGE(INITIAL 65536 NEXT 1048576 MINEXTENTS 1 MAXEXTENTS 2147483645
  PCTINCREASE 0 FREELISTS 1 FREELIST GROUPS 1
  BUFFER_POOL DEFAULT FLASH_CACHE DEFAULT CELL_FLASH_CACHE DEFAULT)
  TABLESPACE "USERS" ;
--------------------------------------------------------
--  DDL for Index QNA_ANSWER_ID_PK
--------------------------------------------------------

  CREATE UNIQUE INDEX "BTEAM"."QNA_ANSWER_ID_PK" ON "BTEAM"."QNA_ANSWER" ("ID") 
  PCTFREE 10 INITRANS 2 MAXTRANS 255 COMPUTE STATISTICS 
  STORAGE(INITIAL 65536 NEXT 1048576 MINEXTENTS 1 MAXEXTENTS 2147483645
  PCTINCREASE 0 FREELISTS 1 FREELIST GROUPS 1
  BUFFER_POOL DEFAULT FLASH_CACHE DEFAULT CELL_FLASH_CACHE DEFAULT)
  TABLESPACE "USERS" ;
--------------------------------------------------------
--  DDL for Index PK_SCHOOL
--------------------------------------------------------

  CREATE UNIQUE INDEX "BTEAM"."PK_SCHOOL" ON "BTEAM"."SCHOOL" ("SCHOOL_ID") 
  PCTFREE 10 INITRANS 2 MAXTRANS 255 COMPUTE STATISTICS 
  STORAGE(INITIAL 65536 NEXT 1048576 MINEXTENTS 1 MAXEXTENTS 2147483645
  PCTINCREASE 0 FREELISTS 1 FREELIST GROUPS 1
  BUFFER_POOL DEFAULT FLASH_CACHE DEFAULT CELL_FLASH_CACHE DEFAULT)
  TABLESPACE "USERS" ;
--------------------------------------------------------
--  DDL for Index SCHOOLPOST_ID_PK
--------------------------------------------------------

  CREATE UNIQUE INDEX "BTEAM"."SCHOOLPOST_ID_PK" ON "BTEAM"."SCHOOLPOST" ("SCHOOLPOST_ID") 
  PCTFREE 10 INITRANS 2 MAXTRANS 255 COMPUTE STATISTICS 
  STORAGE(INITIAL 65536 NEXT 1048576 MINEXTENTS 1 MAXEXTENTS 2147483645
  PCTINCREASE 0 FREELISTS 1 FREELIST GROUPS 1
  BUFFER_POOL DEFAULT FLASH_CACHE DEFAULT CELL_FLASH_CACHE DEFAULT)
  TABLESPACE "USERS" ;
--------------------------------------------------------
--  DDL for Index SCHOOLPOST_FILE_ID_PK
--------------------------------------------------------

  CREATE UNIQUE INDEX "BTEAM"."SCHOOLPOST_FILE_ID_PK" ON "BTEAM"."SCHOOLPOST_FILE" ("ID") 
  PCTFREE 10 INITRANS 2 MAXTRANS 255 COMPUTE STATISTICS 
  STORAGE(INITIAL 65536 NEXT 1048576 MINEXTENTS 1 MAXEXTENTS 2147483645
  PCTINCREASE 0 FREELISTS 1 FREELIST GROUPS 1
  BUFFER_POOL DEFAULT FLASH_CACHE DEFAULT CELL_FLASH_CACHE DEFAULT)
  TABLESPACE "USERS" ;
--------------------------------------------------------
--  DDL for Index SCRAP_PK
--------------------------------------------------------

  CREATE UNIQUE INDEX "BTEAM"."SCRAP_PK" ON "BTEAM"."SCRAP" ("SCRAP_ID") 
  PCTFREE 10 INITRANS 2 MAXTRANS 255 COMPUTE STATISTICS 
  STORAGE(INITIAL 65536 NEXT 1048576 MINEXTENTS 1 MAXEXTENTS 2147483645
  PCTINCREASE 0 FREELISTS 1 FREELIST GROUPS 1
  BUFFER_POOL DEFAULT FLASH_CACHE DEFAULT CELL_FLASH_CACHE DEFAULT)
  TABLESPACE "USERS" ;
--------------------------------------------------------
--  DDL for Index PK_TIMETABLE
--------------------------------------------------------

  CREATE UNIQUE INDEX "BTEAM"."PK_TIMETABLE" ON "BTEAM"."TIMETABLE" ("GRADE_CLASS_CODE", "SCHOOL_ID") 
  PCTFREE 10 INITRANS 2 MAXTRANS 255 COMPUTE STATISTICS 
  STORAGE(INITIAL 65536 NEXT 1048576 MINEXTENTS 1 MAXEXTENTS 2147483645
  PCTINCREASE 0 FREELISTS 1 FREELIST GROUPS 1
  BUFFER_POOL DEFAULT FLASH_CACHE DEFAULT CELL_FLASH_CACHE DEFAULT)
  TABLESPACE "USERS" ;
--------------------------------------------------------
--  DDL for Trigger TRG_BOARD
--------------------------------------------------------

  CREATE OR REPLACE NONEDITIONABLE TRIGGER "BTEAM"."TRG_BOARD" 
  before insert on board
  for each row
begin
  select seq_board.nextval into :new.id from dual;
end;
/
ALTER TRIGGER "BTEAM"."TRG_BOARD" ENABLE;
--------------------------------------------------------
--  DDL for Trigger TRG_BOARD_COMMENT
--------------------------------------------------------

  CREATE OR REPLACE NONEDITIONABLE TRIGGER "BTEAM"."TRG_BOARD_COMMENT" 
  before insert on board_comment
  for each row
begin
  select seq_board_comment.nextval into :new.id from dual;
end
;
/
ALTER TRIGGER "BTEAM"."TRG_BOARD_COMMENT" ENABLE;
--------------------------------------------------------
--  DDL for Trigger TRG_BOARD_FILE
--------------------------------------------------------

  CREATE OR REPLACE NONEDITIONABLE TRIGGER "BTEAM"."TRG_BOARD_FILE" 
  before insert on board_file
  for each row
begin
  select seq_board_file.nextval into :new.id from dual;
end;
/
ALTER TRIGGER "BTEAM"."TRG_BOARD_FILE" ENABLE;
--------------------------------------------------------
--  DDL for Trigger TRG_CATEGORY_QNA
--------------------------------------------------------

  CREATE OR REPLACE NONEDITIONABLE TRIGGER "BTEAM"."TRG_CATEGORY_QNA" 
  before insert on category_qna
  for each row
begin
  select seq_category_qna.nextval into :new.id from dual;
end;

/
ALTER TRIGGER "BTEAM"."TRG_CATEGORY_QNA" ENABLE;
--------------------------------------------------------
--  DDL for Trigger TRG_QNA
--------------------------------------------------------

  CREATE OR REPLACE NONEDITIONABLE TRIGGER "BTEAM"."TRG_QNA" 
  before insert on qna
  for each row
begin
  select seq_qna.nextval into :new.id from dual;
end;
/
ALTER TRIGGER "BTEAM"."TRG_QNA" ENABLE;
--------------------------------------------------------
--  DDL for Trigger TRG_QNA_ANSWER
--------------------------------------------------------

  CREATE OR REPLACE NONEDITIONABLE TRIGGER "BTEAM"."TRG_QNA_ANSWER" 
  before insert on qna_answer
  for each row
begin
  select seq_qna_answer.nextval into :new.id from dual;
end;
/
ALTER TRIGGER "BTEAM"."TRG_QNA_ANSWER" ENABLE;
--------------------------------------------------------
--  DDL for Trigger TRG_SCHOOLPOST
--------------------------------------------------------

  CREATE OR REPLACE NONEDITIONABLE TRIGGER "BTEAM"."TRG_SCHOOLPOST" 
  before insert on schoolpost
  for each row
begin
  select seq_schoolpost.nextval into :new.schoolpost_id from dual;
end;
/
ALTER TRIGGER "BTEAM"."TRG_SCHOOLPOST" ENABLE;
--------------------------------------------------------
--  DDL for Trigger TRG_SCHOOLPOST_FILE
--------------------------------------------------------

  CREATE OR REPLACE NONEDITIONABLE TRIGGER "BTEAM"."TRG_SCHOOLPOST_FILE" 
  before insert on schoolpost_file
  for each row
begin
  select seq_schoolpost_file.nextval into :new.id from dual;
end;
/
ALTER TRIGGER "BTEAM"."TRG_SCHOOLPOST_FILE" ENABLE;
--------------------------------------------------------
--  DDL for Trigger TRG_SCRAP
--------------------------------------------------------

  CREATE OR REPLACE NONEDITIONABLE TRIGGER "BTEAM"."TRG_SCRAP" 
  before insert on scrap
  for each row
begin
  select seq_scrap.nextval into :new.scrap_id from dual;
end
;
/
ALTER TRIGGER "BTEAM"."TRG_SCRAP" ENABLE;
--------------------------------------------------------
--  DDL for Trigger TRG_BOARD
--------------------------------------------------------

  CREATE OR REPLACE NONEDITIONABLE TRIGGER "BTEAM"."TRG_BOARD" 
  before insert on board
  for each row
begin
  select seq_board.nextval into :new.id from dual;
end;
/
ALTER TRIGGER "BTEAM"."TRG_BOARD" ENABLE;
--------------------------------------------------------
--  DDL for Trigger TRG_BOARD_COMMENT
--------------------------------------------------------

  CREATE OR REPLACE NONEDITIONABLE TRIGGER "BTEAM"."TRG_BOARD_COMMENT" 
  before insert on board_comment
  for each row
begin
  select seq_board_comment.nextval into :new.id from dual;
end
;
/
ALTER TRIGGER "BTEAM"."TRG_BOARD_COMMENT" ENABLE;
--------------------------------------------------------
--  DDL for Trigger TRG_BOARD_FILE
--------------------------------------------------------

  CREATE OR REPLACE NONEDITIONABLE TRIGGER "BTEAM"."TRG_BOARD_FILE" 
  before insert on board_file
  for each row
begin
  select seq_board_file.nextval into :new.id from dual;
end;
/
ALTER TRIGGER "BTEAM"."TRG_BOARD_FILE" ENABLE;
--------------------------------------------------------
--  DDL for Trigger TRG_CATEGORY_QNA
--------------------------------------------------------

  CREATE OR REPLACE NONEDITIONABLE TRIGGER "BTEAM"."TRG_CATEGORY_QNA" 
  before insert on category_qna
  for each row
begin
  select seq_category_qna.nextval into :new.id from dual;
end;

/
ALTER TRIGGER "BTEAM"."TRG_CATEGORY_QNA" ENABLE;
--------------------------------------------------------
--  DDL for Trigger TRG_QNA
--------------------------------------------------------

  CREATE OR REPLACE NONEDITIONABLE TRIGGER "BTEAM"."TRG_QNA" 
  before insert on qna
  for each row
begin
  select seq_qna.nextval into :new.id from dual;
end;
/
ALTER TRIGGER "BTEAM"."TRG_QNA" ENABLE;
--------------------------------------------------------
--  DDL for Trigger TRG_QNA_ANSWER
--------------------------------------------------------

  CREATE OR REPLACE NONEDITIONABLE TRIGGER "BTEAM"."TRG_QNA_ANSWER" 
  before insert on qna_answer
  for each row
begin
  select seq_qna_answer.nextval into :new.id from dual;
end;
/
ALTER TRIGGER "BTEAM"."TRG_QNA_ANSWER" ENABLE;
--------------------------------------------------------
--  DDL for Trigger TRG_SCHOOLPOST
--------------------------------------------------------

  CREATE OR REPLACE NONEDITIONABLE TRIGGER "BTEAM"."TRG_SCHOOLPOST" 
  before insert on schoolpost
  for each row
begin
  select seq_schoolpost.nextval into :new.schoolpost_id from dual;
end;
/
ALTER TRIGGER "BTEAM"."TRG_SCHOOLPOST" ENABLE;
--------------------------------------------------------
--  DDL for Trigger TRG_SCHOOLPOST_FILE
--------------------------------------------------------

  CREATE OR REPLACE NONEDITIONABLE TRIGGER "BTEAM"."TRG_SCHOOLPOST_FILE" 
  before insert on schoolpost_file
  for each row
begin
  select seq_schoolpost_file.nextval into :new.id from dual;
end;
/
ALTER TRIGGER "BTEAM"."TRG_SCHOOLPOST_FILE" ENABLE;
--------------------------------------------------------
--  DDL for Trigger TRG_SCRAP
--------------------------------------------------------

  CREATE OR REPLACE NONEDITIONABLE TRIGGER "BTEAM"."TRG_SCRAP" 
  before insert on scrap
  for each row
begin
  select seq_scrap.nextval into :new.scrap_id from dual;
end
;
/
ALTER TRIGGER "BTEAM"."TRG_SCRAP" ENABLE;
--------------------------------------------------------
--  Constraints for Table BOARD
--------------------------------------------------------

  ALTER TABLE "BTEAM"."BOARD" MODIFY ("TITLE" NOT NULL ENABLE);
  ALTER TABLE "BTEAM"."BOARD" MODIFY ("CONTENT" NOT NULL ENABLE);
  ALTER TABLE "BTEAM"."BOARD" MODIFY ("BOARD_GROUP_ID" NOT NULL ENABLE);
  ALTER TABLE "BTEAM"."BOARD" ADD CONSTRAINT "BOARD_ID_PK" PRIMARY KEY ("ID")
  USING INDEX PCTFREE 10 INITRANS 2 MAXTRANS 255 COMPUTE STATISTICS 
  STORAGE(INITIAL 65536 NEXT 1048576 MINEXTENTS 1 MAXEXTENTS 2147483645
  PCTINCREASE 0 FREELISTS 1 FREELIST GROUPS 1
  BUFFER_POOL DEFAULT FLASH_CACHE DEFAULT CELL_FLASH_CACHE DEFAULT)
  TABLESPACE "USERS"  ENABLE;
  ALTER TABLE "BTEAM"."BOARD" MODIFY ("WRITEDATE" NOT NULL ENABLE);
  ALTER TABLE "BTEAM"."BOARD" MODIFY ("WRITER" NOT NULL ENABLE);
--------------------------------------------------------
--  Constraints for Table BOARD_COMMENT
--------------------------------------------------------

  ALTER TABLE "BTEAM"."BOARD_COMMENT" MODIFY ("WRITER" NOT NULL ENABLE);
  ALTER TABLE "BTEAM"."BOARD_COMMENT" MODIFY ("BOARD_ID" NOT NULL ENABLE);
  ALTER TABLE "BTEAM"."BOARD_COMMENT" MODIFY ("CONTENT" NOT NULL ENABLE);
  ALTER TABLE "BTEAM"."BOARD_COMMENT" ADD CONSTRAINT "BOARD_COMMENT_ID_PK" PRIMARY KEY ("ID")
  USING INDEX PCTFREE 10 INITRANS 2 MAXTRANS 255 COMPUTE STATISTICS 
  STORAGE(INITIAL 65536 NEXT 1048576 MINEXTENTS 1 MAXEXTENTS 2147483645
  PCTINCREASE 0 FREELISTS 1 FREELIST GROUPS 1
  BUFFER_POOL DEFAULT FLASH_CACHE DEFAULT CELL_FLASH_CACHE DEFAULT)
  TABLESPACE "USERS"  ENABLE;
--------------------------------------------------------
--  Constraints for Table BOARD_FILE
--------------------------------------------------------

  ALTER TABLE "BTEAM"."BOARD_FILE" ADD CONSTRAINT "BOARD_FILE_ID_PK" PRIMARY KEY ("ID")
  USING INDEX PCTFREE 10 INITRANS 2 MAXTRANS 255 COMPUTE STATISTICS 
  STORAGE(INITIAL 65536 NEXT 1048576 MINEXTENTS 1 MAXEXTENTS 2147483645
  PCTINCREASE 0 FREELISTS 1 FREELIST GROUPS 1
  BUFFER_POOL DEFAULT FLASH_CACHE DEFAULT CELL_FLASH_CACHE DEFAULT)
  TABLESPACE "USERS"  ENABLE;
--------------------------------------------------------
--  Constraints for Table BOARD_GROUP
--------------------------------------------------------

  ALTER TABLE "BTEAM"."BOARD_GROUP" MODIFY ("BOARD_GROUP_ID" NOT NULL ENABLE);
  ALTER TABLE "BTEAM"."BOARD_GROUP" MODIFY ("BOARD_NAME" NOT NULL ENABLE);
  ALTER TABLE "BTEAM"."BOARD_GROUP" ADD CONSTRAINT "PK_BOARD_GROUP" PRIMARY KEY ("BOARD_GROUP_ID")
  USING INDEX PCTFREE 10 INITRANS 2 MAXTRANS 255 COMPUTE STATISTICS 
  STORAGE(INITIAL 65536 NEXT 1048576 MINEXTENTS 1 MAXEXTENTS 2147483645
  PCTINCREASE 0 FREELISTS 1 FREELIST GROUPS 1
  BUFFER_POOL DEFAULT FLASH_CACHE DEFAULT CELL_FLASH_CACHE DEFAULT)
  TABLESPACE "USERS"  ENABLE;
--------------------------------------------------------
--  Constraints for Table CALENDAR_WEB
--------------------------------------------------------

  ALTER TABLE "BTEAM"."CALENDAR_WEB" ADD PRIMARY KEY ("ID")
  USING INDEX PCTFREE 10 INITRANS 2 MAXTRANS 255 COMPUTE STATISTICS 
  STORAGE(INITIAL 65536 NEXT 1048576 MINEXTENTS 1 MAXEXTENTS 2147483645
  PCTINCREASE 0 FREELISTS 1 FREELIST GROUPS 1
  BUFFER_POOL DEFAULT FLASH_CACHE DEFAULT CELL_FLASH_CACHE DEFAULT)
  TABLESPACE "USERS"  ENABLE;
  ALTER TABLE "BTEAM"."CALENDAR_WEB" MODIFY ("ALLDAY" NOT NULL ENABLE);
--------------------------------------------------------
--  Constraints for Table CATEGORY_QNA
--------------------------------------------------------

  ALTER TABLE "BTEAM"."CATEGORY_QNA" MODIFY ("TITLE" NOT NULL ENABLE);
  ALTER TABLE "BTEAM"."CATEGORY_QNA" ADD CONSTRAINT "MEDIUM_ID_PK" PRIMARY KEY ("ID")
  USING INDEX PCTFREE 10 INITRANS 2 MAXTRANS 255 COMPUTE STATISTICS 
  STORAGE(INITIAL 65536 NEXT 1048576 MINEXTENTS 1 MAXEXTENTS 2147483645
  PCTINCREASE 0 FREELISTS 1 FREELIST GROUPS 1
  BUFFER_POOL DEFAULT FLASH_CACHE DEFAULT CELL_FLASH_CACHE DEFAULT)
  TABLESPACE "USERS"  ENABLE;
--------------------------------------------------------
--  Constraints for Table CLASS_CODE
--------------------------------------------------------

  ALTER TABLE "BTEAM"."CLASS_CODE" MODIFY ("GRADE_CLASS_CODE" NOT NULL ENABLE);
  ALTER TABLE "BTEAM"."CLASS_CODE" MODIFY ("SCHOOL_ID" NOT NULL ENABLE);
  ALTER TABLE "BTEAM"."CLASS_CODE" ADD CONSTRAINT "PK_CLASS_CODE" PRIMARY KEY ("GRADE_CLASS_CODE", "SCHOOL_ID")
  USING INDEX PCTFREE 10 INITRANS 2 MAXTRANS 255 COMPUTE STATISTICS 
  STORAGE(INITIAL 65536 NEXT 1048576 MINEXTENTS 1 MAXEXTENTS 2147483645
  PCTINCREASE 0 FREELISTS 1 FREELIST GROUPS 1
  BUFFER_POOL DEFAULT FLASH_CACHE DEFAULT CELL_FLASH_CACHE DEFAULT)
  TABLESPACE "USERS"  ENABLE;
--------------------------------------------------------
--  Constraints for Table EDU_ACADEMY
--------------------------------------------------------

  ALTER TABLE "BTEAM"."EDU_ACADEMY" MODIFY ("USERID" NOT NULL ENABLE);
  ALTER TABLE "BTEAM"."EDU_ACADEMY" MODIFY ("ACADEMY_NAME" NOT NULL ENABLE);
  ALTER TABLE "BTEAM"."EDU_ACADEMY" MODIFY ("STATUS" NOT NULL ENABLE);
  ALTER TABLE "BTEAM"."EDU_ACADEMY" MODIFY ("FIELD" NOT NULL ENABLE);
  ALTER TABLE "BTEAM"."EDU_ACADEMY" MODIFY ("ADDR" NOT NULL ENABLE);
  ALTER TABLE "BTEAM"."EDU_ACADEMY" MODIFY ("DETAIL_ADDR" NOT NULL ENABLE);
  ALTER TABLE "BTEAM"."EDU_ACADEMY" MODIFY ("OFFICE_CODE" NOT NULL ENABLE);
  ALTER TABLE "BTEAM"."EDU_ACADEMY" ADD CONSTRAINT "PK_EDU_ACADEMY" PRIMARY KEY ("USERID") DISABLE;
--------------------------------------------------------
--  Constraints for Table EDU_BOOK
--------------------------------------------------------

  ALTER TABLE "BTEAM"."EDU_BOOK" MODIFY ("BOOK_TITLE" NOT NULL ENABLE);
  ALTER TABLE "BTEAM"."EDU_BOOK" MODIFY ("BOOK_WRITER" NOT NULL ENABLE);
--------------------------------------------------------
--  Constraints for Table EVENTS
--------------------------------------------------------

  ALTER TABLE "BTEAM"."EVENTS" MODIFY ("SUCCCESS_CNT" NOT NULL ENABLE);
  ALTER TABLE "BTEAM"."EVENTS" MODIFY ("MEMBER_ID" NOT NULL ENABLE);
  ALTER TABLE "BTEAM"."EVENTS" MODIFY ("SUCCESS_DAY" NOT NULL ENABLE);
  ALTER TABLE "BTEAM"."EVENTS" ADD CONSTRAINT "PK_EVENTS" PRIMARY KEY ("MEMBER_ID")
  USING INDEX PCTFREE 10 INITRANS 2 MAXTRANS 255 COMPUTE STATISTICS 
  STORAGE(INITIAL 65536 NEXT 1048576 MINEXTENTS 1 MAXEXTENTS 2147483645
  PCTINCREASE 0 FREELISTS 1 FREELIST GROUPS 1
  BUFFER_POOL DEFAULT FLASH_CACHE DEFAULT CELL_FLASH_CACHE DEFAULT)
  TABLESPACE "USERS"  ENABLE;
--------------------------------------------------------
--  Constraints for Table MEMBER
--------------------------------------------------------

  ALTER TABLE "BTEAM"."MEMBER" MODIFY ("USERID" NOT NULL ENABLE);
  ALTER TABLE "BTEAM"."MEMBER" MODIFY ("NAME" NOT NULL ENABLE);
  ALTER TABLE "BTEAM"."MEMBER" MODIFY ("PHONE" NOT NULL ENABLE);
  ALTER TABLE "BTEAM"."MEMBER" MODIFY ("BIRTH" NOT NULL ENABLE);
  ALTER TABLE "BTEAM"."MEMBER" MODIFY ("MEMBER_GRP" NOT NULL ENABLE);
  ALTER TABLE "BTEAM"."MEMBER" MODIFY ("GRADE_CLASS_CODE" NOT NULL ENABLE);
  ALTER TABLE "BTEAM"."MEMBER" MODIFY ("SCHOOL_ID" NOT NULL ENABLE);
  ALTER TABLE "BTEAM"."MEMBER" ADD CONSTRAINT "PK_MEMBER" PRIMARY KEY ("USERID")
  USING INDEX PCTFREE 10 INITRANS 2 MAXTRANS 255 COMPUTE STATISTICS 
  STORAGE(INITIAL 65536 NEXT 1048576 MINEXTENTS 1 MAXEXTENTS 2147483645
  PCTINCREASE 0 FREELISTS 1 FREELIST GROUPS 1
  BUFFER_POOL DEFAULT FLASH_CACHE DEFAULT CELL_FLASH_CACHE DEFAULT)
  TABLESPACE "USERS"  ENABLE;
--------------------------------------------------------
--  Constraints for Table QNA
--------------------------------------------------------

  ALTER TABLE "BTEAM"."QNA" MODIFY ("TITLE" NOT NULL ENABLE);
  ALTER TABLE "BTEAM"."QNA" MODIFY ("CONTENT" NOT NULL ENABLE);
  ALTER TABLE "BTEAM"."QNA" ADD CONSTRAINT "QNA_ID_PK" PRIMARY KEY ("ID")
  USING INDEX PCTFREE 10 INITRANS 2 MAXTRANS 255 COMPUTE STATISTICS 
  STORAGE(INITIAL 65536 NEXT 1048576 MINEXTENTS 1 MAXEXTENTS 2147483645
  PCTINCREASE 0 FREELISTS 1 FREELIST GROUPS 1
  BUFFER_POOL DEFAULT FLASH_CACHE DEFAULT CELL_FLASH_CACHE DEFAULT)
  TABLESPACE "USERS"  ENABLE;
--------------------------------------------------------
--  Constraints for Table QNA_ANSWER
--------------------------------------------------------

  ALTER TABLE "BTEAM"."QNA_ANSWER" MODIFY ("CONTENT_A" NOT NULL ENABLE);
  ALTER TABLE "BTEAM"."QNA_ANSWER" ADD CONSTRAINT "QNA_ANSWER_ID_PK" PRIMARY KEY ("ID")
  USING INDEX PCTFREE 10 INITRANS 2 MAXTRANS 255 COMPUTE STATISTICS 
  STORAGE(INITIAL 65536 NEXT 1048576 MINEXTENTS 1 MAXEXTENTS 2147483645
  PCTINCREASE 0 FREELISTS 1 FREELIST GROUPS 1
  BUFFER_POOL DEFAULT FLASH_CACHE DEFAULT CELL_FLASH_CACHE DEFAULT)
  TABLESPACE "USERS"  ENABLE;
--------------------------------------------------------
--  Constraints for Table SCHOOL
--------------------------------------------------------

  ALTER TABLE "BTEAM"."SCHOOL" MODIFY ("SCHOOL_ID" NOT NULL ENABLE);
  ALTER TABLE "BTEAM"."SCHOOL" MODIFY ("SCHOOL_NAME" NOT NULL ENABLE);
  ALTER TABLE "BTEAM"."SCHOOL" MODIFY ("OFFICE_NAME" NOT NULL ENABLE);
  ALTER TABLE "BTEAM"."SCHOOL" MODIFY ("OFFICE_CODE" NOT NULL ENABLE);
  ALTER TABLE "BTEAM"."SCHOOL" ADD CONSTRAINT "PK_SCHOOL" PRIMARY KEY ("SCHOOL_ID")
  USING INDEX PCTFREE 10 INITRANS 2 MAXTRANS 255 COMPUTE STATISTICS 
  STORAGE(INITIAL 65536 NEXT 1048576 MINEXTENTS 1 MAXEXTENTS 2147483645
  PCTINCREASE 0 FREELISTS 1 FREELIST GROUPS 1
  BUFFER_POOL DEFAULT FLASH_CACHE DEFAULT CELL_FLASH_CACHE DEFAULT)
  TABLESPACE "USERS"  ENABLE;
--------------------------------------------------------
--  Constraints for Table SCHOOLPOST
--------------------------------------------------------

  ALTER TABLE "BTEAM"."SCHOOLPOST" MODIFY ("WRITEDATE" NOT NULL ENABLE);
  ALTER TABLE "BTEAM"."SCHOOLPOST" MODIFY ("CATEGORY" NOT NULL ENABLE);
  ALTER TABLE "BTEAM"."SCHOOLPOST" MODIFY ("CONTEXT" NOT NULL ENABLE);
  ALTER TABLE "BTEAM"."SCHOOLPOST" MODIFY ("SCHOOL_ID" NOT NULL ENABLE);
  ALTER TABLE "BTEAM"."SCHOOLPOST" ADD CONSTRAINT "SCHOOLPOST_ID_PK" PRIMARY KEY ("SCHOOLPOST_ID")
  USING INDEX PCTFREE 10 INITRANS 2 MAXTRANS 255 COMPUTE STATISTICS 
  STORAGE(INITIAL 65536 NEXT 1048576 MINEXTENTS 1 MAXEXTENTS 2147483645
  PCTINCREASE 0 FREELISTS 1 FREELIST GROUPS 1
  BUFFER_POOL DEFAULT FLASH_CACHE DEFAULT CELL_FLASH_CACHE DEFAULT)
  TABLESPACE "USERS"  ENABLE;
--------------------------------------------------------
--  Constraints for Table SCHOOLPOST_FILE
--------------------------------------------------------

  ALTER TABLE "BTEAM"."SCHOOLPOST_FILE" MODIFY ("SCHOOLPOST_ID" NOT NULL ENABLE);
  ALTER TABLE "BTEAM"."SCHOOLPOST_FILE" MODIFY ("FILENAME" NOT NULL ENABLE);
  ALTER TABLE "BTEAM"."SCHOOLPOST_FILE" MODIFY ("FILEPATH" NOT NULL ENABLE);
  ALTER TABLE "BTEAM"."SCHOOLPOST_FILE" ADD CONSTRAINT "SCHOOLPOST_FILE_ID_PK" PRIMARY KEY ("ID")
  USING INDEX PCTFREE 10 INITRANS 2 MAXTRANS 255 COMPUTE STATISTICS 
  STORAGE(INITIAL 65536 NEXT 1048576 MINEXTENTS 1 MAXEXTENTS 2147483645
  PCTINCREASE 0 FREELISTS 1 FREELIST GROUPS 1
  BUFFER_POOL DEFAULT FLASH_CACHE DEFAULT CELL_FLASH_CACHE DEFAULT)
  TABLESPACE "USERS"  ENABLE;
--------------------------------------------------------
--  Constraints for Table SCHOOL_FIELD
--------------------------------------------------------

  ALTER TABLE "BTEAM"."SCHOOL_FIELD" MODIFY ("FIELD" NOT NULL ENABLE);
  ALTER TABLE "BTEAM"."SCHOOL_FIELD" MODIFY ("CATEGORY" NOT NULL ENABLE);
--------------------------------------------------------
--  Constraints for Table SCRAP
--------------------------------------------------------

  ALTER TABLE "BTEAM"."SCRAP" MODIFY ("SCRAP_ID" NOT NULL ENABLE);
  ALTER TABLE "BTEAM"."SCRAP" ADD CONSTRAINT "SCRAP_PK" PRIMARY KEY ("SCRAP_ID")
  USING INDEX PCTFREE 10 INITRANS 2 MAXTRANS 255 COMPUTE STATISTICS 
  STORAGE(INITIAL 65536 NEXT 1048576 MINEXTENTS 1 MAXEXTENTS 2147483645
  PCTINCREASE 0 FREELISTS 1 FREELIST GROUPS 1
  BUFFER_POOL DEFAULT FLASH_CACHE DEFAULT CELL_FLASH_CACHE DEFAULT)
  TABLESPACE "USERS"  ENABLE;
  ALTER TABLE "BTEAM"."SCRAP" MODIFY ("SCRAPPER" NOT NULL ENABLE);
  ALTER TABLE "BTEAM"."SCRAP" MODIFY ("BOARD_ID" NOT NULL ENABLE);
--------------------------------------------------------
--  Constraints for Table TIMETABLE
--------------------------------------------------------

  ALTER TABLE "BTEAM"."TIMETABLE" MODIFY ("GRADE_CLASS_CODE" NOT NULL ENABLE);
  ALTER TABLE "BTEAM"."TIMETABLE" MODIFY ("SCHOOL_ID" NOT NULL ENABLE);
  ALTER TABLE "BTEAM"."TIMETABLE" MODIFY ("SUBJECT" NOT NULL ENABLE);
  ALTER TABLE "BTEAM"."TIMETABLE" MODIFY ("PERIOD" NOT NULL ENABLE);
  ALTER TABLE "BTEAM"."TIMETABLE" MODIFY ("DAY" NOT NULL ENABLE);
  ALTER TABLE "BTEAM"."TIMETABLE" ADD CONSTRAINT "PK_TIMETABLE" PRIMARY KEY ("GRADE_CLASS_CODE", "SCHOOL_ID")
  USING INDEX PCTFREE 10 INITRANS 2 MAXTRANS 255 COMPUTE STATISTICS 
  STORAGE(INITIAL 65536 NEXT 1048576 MINEXTENTS 1 MAXEXTENTS 2147483645
  PCTINCREASE 0 FREELISTS 1 FREELIST GROUPS 1
  BUFFER_POOL DEFAULT FLASH_CACHE DEFAULT CELL_FLASH_CACHE DEFAULT)
  TABLESPACE "USERS"  ENABLE;
--------------------------------------------------------
--  Ref Constraints for Table BOARD
--------------------------------------------------------

  ALTER TABLE "BTEAM"."BOARD" ADD CONSTRAINT "BOARD_WRITER_FK" FOREIGN KEY ("WRITER")
	  REFERENCES "BTEAM"."MEMBER" ("USERID") ON DELETE SET NULL ENABLE;
  ALTER TABLE "BTEAM"."BOARD" ADD CONSTRAINT "FK_BOARD_GROUP_TO_BOARD" FOREIGN KEY ("BOARD_GROUP_ID")
	  REFERENCES "BTEAM"."BOARD_GROUP" ("BOARD_GROUP_ID") ENABLE;
--------------------------------------------------------
--  Ref Constraints for Table BOARD_COMMENT
--------------------------------------------------------

  ALTER TABLE "BTEAM"."BOARD_COMMENT" ADD CONSTRAINT "BOARD_COMMENT_WRITER_FK" FOREIGN KEY ("WRITER")
	  REFERENCES "BTEAM"."MEMBER" ("USERID") ON DELETE SET NULL ENABLE;
  ALTER TABLE "BTEAM"."BOARD_COMMENT" ADD CONSTRAINT "BOARD_COMMENT_BOARD_ID_FK" FOREIGN KEY ("BOARD_ID")
	  REFERENCES "BTEAM"."BOARD" ("ID") ON DELETE CASCADE ENABLE;
--------------------------------------------------------
--  Ref Constraints for Table BOARD_FILE
--------------------------------------------------------

  ALTER TABLE "BTEAM"."BOARD_FILE" ADD CONSTRAINT "BOARD_FILE_BOARD_FK" FOREIGN KEY ("BOARD_ID")
	  REFERENCES "BTEAM"."BOARD" ("ID") ON DELETE CASCADE ENABLE;
--------------------------------------------------------
--  Ref Constraints for Table CLASS_CODE
--------------------------------------------------------

  ALTER TABLE "BTEAM"."CLASS_CODE" ADD CONSTRAINT "FK_SCHOOL_TO_CLASS_CODE" FOREIGN KEY ("SCHOOL_ID")
	  REFERENCES "BTEAM"."SCHOOL" ("SCHOOL_ID") ENABLE;
--------------------------------------------------------
--  Ref Constraints for Table EDU_ACADEMY
--------------------------------------------------------

  ALTER TABLE "BTEAM"."EDU_ACADEMY" ADD CONSTRAINT "FK_MEMBER_TO_EDU_ACADEMY_1" FOREIGN KEY ("USERID")
	  REFERENCES "BTEAM"."MEMBER" ("USERID") DISABLE;
--------------------------------------------------------
--  Ref Constraints for Table EVENTS
--------------------------------------------------------

  ALTER TABLE "BTEAM"."EVENTS" ADD CONSTRAINT "FK_MEMBER_TO_EVENTS" FOREIGN KEY ("MEMBER_ID")
	  REFERENCES "BTEAM"."MEMBER" ("USERID") ENABLE;
--------------------------------------------------------
--  Ref Constraints for Table MEMBER
--------------------------------------------------------

  ALTER TABLE "BTEAM"."MEMBER" ADD CONSTRAINT "FK_CLASS_CODE_TO_MEMBER" FOREIGN KEY ("GRADE_CLASS_CODE", "SCHOOL_ID")
	  REFERENCES "BTEAM"."CLASS_CODE" ("GRADE_CLASS_CODE", "SCHOOL_ID") ENABLE;
--------------------------------------------------------
--  Ref Constraints for Table QNA
--------------------------------------------------------

  ALTER TABLE "BTEAM"."QNA" ADD CONSTRAINT "QNA_WRITER_FK" FOREIGN KEY ("WRITER")
	  REFERENCES "BTEAM"."MEMBER" ("USERID") ON DELETE CASCADE ENABLE;
  ALTER TABLE "BTEAM"."QNA" ADD CONSTRAINT "QNA_FIELD_FK" FOREIGN KEY ("FIELD")
	  REFERENCES "BTEAM"."CATEGORY_QNA" ("ID") ON DELETE SET NULL ENABLE;
--------------------------------------------------------
--  Ref Constraints for Table QNA_ANSWER
--------------------------------------------------------

  ALTER TABLE "BTEAM"."QNA_ANSWER" ADD CONSTRAINT "QNA_ANSWER_WRITER_FK" FOREIGN KEY ("WRITER_A")
	  REFERENCES "BTEAM"."MEMBER" ("USERID") ON DELETE SET NULL ENABLE;
  ALTER TABLE "BTEAM"."QNA_ANSWER" ADD CONSTRAINT "QNA_ANSWER_ID_FK" FOREIGN KEY ("QNA_ID")
	  REFERENCES "BTEAM"."QNA" ("ID") ON DELETE CASCADE ENABLE;
--------------------------------------------------------
--  Ref Constraints for Table SCHOOLPOST
--------------------------------------------------------

  ALTER TABLE "BTEAM"."SCHOOLPOST" ADD CONSTRAINT "SCHOOLPOST_WRITER_FK" FOREIGN KEY ("WRITER")
	  REFERENCES "BTEAM"."MEMBER" ("USERID") ON DELETE SET NULL ENABLE;
  ALTER TABLE "BTEAM"."SCHOOLPOST" ADD CONSTRAINT "FK_CLASS_CODE_TO_SCHOOLPOST" FOREIGN KEY ("GRADE_CLASS_CODE", "SCHOOL_ID")
	  REFERENCES "BTEAM"."CLASS_CODE" ("GRADE_CLASS_CODE", "SCHOOL_ID") ENABLE;
--------------------------------------------------------
--  Ref Constraints for Table SCHOOLPOST_FILE
--------------------------------------------------------

  ALTER TABLE "BTEAM"."SCHOOLPOST_FILE" ADD CONSTRAINT "SCHOOLPOST_FILE_SCHOOLPOST_FK" FOREIGN KEY ("SCHOOLPOST_ID")
	  REFERENCES "BTEAM"."SCHOOLPOST" ("SCHOOLPOST_ID") ON DELETE CASCADE ENABLE;
--------------------------------------------------------
--  Ref Constraints for Table SCRAP
--------------------------------------------------------

  ALTER TABLE "BTEAM"."SCRAP" ADD CONSTRAINT "FK_BOARD_TO_SCRAP" FOREIGN KEY ("BOARD_ID")
	  REFERENCES "BTEAM"."BOARD" ("ID") ENABLE;
  ALTER TABLE "BTEAM"."SCRAP" ADD CONSTRAINT "FK_MEMBER_TO_SCRAP" FOREIGN KEY ("SCRAPPER")
	  REFERENCES "BTEAM"."MEMBER" ("USERID") ON DELETE CASCADE ENABLE;
--------------------------------------------------------
--  Ref Constraints for Table TIMETABLE
--------------------------------------------------------

  ALTER TABLE "BTEAM"."TIMETABLE" ADD CONSTRAINT "FK_CLASS_CODE_TO_TIMETABLE" FOREIGN KEY ("GRADE_CLASS_CODE", "SCHOOL_ID")
	  REFERENCES "BTEAM"."CLASS_CODE" ("GRADE_CLASS_CODE", "SCHOOL_ID") ENABLE;
